"productID";"productName";"category";"filter";"imageLink"
100;"OF-C1616";"Executive Office";"By Order";"http://future-vision.asia/images/sofa/byOrder/disk.jpg"
101;"WS-B1801";"Cabinet";"By Order";"http://future-vision.asia/images/cabinet/byOrder/cabinet01.webp"
102;"WS-B1802";"Cabinet";"By Order";"http://future-vision.asia/images/cabinet/byOrder/cabinet02.webp"
103;"WS-B1802";"Cabinet";"By Order";"http://future-vision.asia/images/cabinet/byOrder/cabinet03.webp"
104;"BC-A1901";"Cabinet";"By Order";"http://future-vision.asia/images/cabinet/byOrder/cabinet04.webp"
105;"BC-A1902";"Cabinet";"By Order";"http://future-vision.asia/images/cabinet/byOrder/cabinet05.webp"
106;"BC-A1903";"Cabinet";"By Order";"http://future-vision.asia/images/cabinet/byOrder/cabinet06.webp"
107;"BC-D1501";"Cabinet";"By Order";"http://future-vision.asia/images/cabinet/byOrder/cabinet07.webp"
108;"BC-D1502";"Cabinet";"By Order";"http://future-vision.asia/images/cabinet/byOrder/cabinet08.webp"
109;"BC-D15014";"Cabinet";"By Order";"http://future-vision.asia/images/cabinet/byOrder/cabinet09.webp"
110;"BS-D1508";"Cabinet";"By Order";"http://future-vision.asia/images/cabinet/byOrder/cabinet10.webp"
111;"BS-D1507";"Cabinet";"By Order";"http://future-vision.asia/images/cabinet/byOrder/cabinet11.webp"
112;"ST-D1503";"Cabinet";"By Order";"http://future-vision.asia/images/cabinet/byOrder/cabinet12.webp"
113;"ST-D1502";"Cabinet";"By Order";"http://future-vision.asia/images/cabinet/byOrder/cabinet13.webp"
114;"ST-D1501";"Cabinet";"By Order";"http://future-vision.asia/images/cabinet/byOrder/cabinet14.webp"
115;"BC-C1607";"Cabinet";"By Order";"http://future-vision.asia/images/cabinet/byOrder/cabinet15.webp"
116;"BC-C1606";"Cabinet";"By Order";"http://future-vision.asia/images/cabinet/byOrder/cabinet16.webp"
117;"BC-C1605";"Cabinet";"By Order";"http://future-vision.asia/images/cabinet/byOrder/cabinet17.webp"
118;"BC-C1608";"Cabinet";"By Order";"http://future-vision.asia/images/cabinet/byOrder/cabinet18.webp"
119;"BC-C1603";"Cabinet";"By Order";"http://future-vision.asia/images/cabinet/byOrder/cabinet19.webp"
120;"BC-C1604";"Cabinet";"By Order";"http://future-vision.asia/images/cabinet/byOrder/cabinet20.webp"
121;"BC-C1601";"Cabinet";"By Order";"http://future-vision.asia/images/cabinet/byOrder/cabinet21.webp"
122;"SH-C1603";"Cabinet";"By Order";"http://future-vision.asia/images/cabinet/byOrder/cabinet22.webp"
123;"SH-C1603";"Cabinet";"By Order";"http://future-vision.asia/images/cabinet/byOrder/cabinet23.webp"
124;"ST-C1612";"Cabinet";"By Order";"http://future-vision.asia/images/cabinet/byOrder/cabinet24.webp"
125;"ST-C1610";"Cabinet";"By Order";"http://future-vision.asia/images/cabinet/byOrder/cabinet25.webp"
126;"ST-C1611";"Cabinet";"By Order";"http://future-vision.asia/images/cabinet/byOrder/cabinet26.webp"
127;"ST-C1606";"Cabinet";"By Order";"http://future-vision.asia/images/cabinet/byOrder/cabinet27.webp"
128;"ST-C1603";"Cabinet";"By Order";"http://future-vision.asia/images/cabinet/byOrder/cabinet28.webp"
129;"ST-C1601";"Cabinet";"By Order";"http://future-vision.asia/images/cabinet/byOrder/cabinet29.webp"
130;"ST-C1607";"Cabinet";"By Order";"http://future-vision.asia/images/cabinet/byOrder/cabinet30.webp"
131;"91B-0235";"Cabinet";"By Order";"http://future-vision.asia/images/cabinet/byOrder/cabinet31.webp"
132;"91B-0327";"Cabinet";"By Order";"http://future-vision.asia/images/cabinet/byOrder/cabinet32.webp"
133;"91B-0112";"Cabinet";"By Order";"http://future-vision.asia/images/cabinet/byOrder/cabinet33.webp"
134;"91B-0108";"Cabinet";"By Order";"http://future-vision.asia/images/cabinet/byOrder/cabinet34.webp"
135;"91B-0109";"Cabinet";"By Order";"http://future-vision.asia/images/cabinet/byOrder/cabinet35.webp"
136;"21B-0328";"Cabinet";"By Order";"http://future-vision.asia/images/cabinet/byOrder/cabinet36.webp"
137;"21B-0231";"Cabinet";"By Order";"http://future-vision.asia/images/cabinet/byOrder/cabinet37.webp"
138;"21B-0336";"Cabinet";"By Order";"http://future-vision.asia/images/cabinet/byOrder/cabinet38.webp"
139;"21B-0108";"Cabinet";"By Order";"http://future-vision.asia/images/cabinet/byOrder/cabinet39.webp"
140;"3B-0101";"Cabinet";"By Order";"http://future-vision.asia/images/cabinet/byOrder/cabinet40.webp"
141;"3B-0102";"Cabinet";"By Order";"http://future-vision.asia/images/cabinet/byOrder/cabinet41.webp"
142;"3B-0103";"Cabinet";"By Order";"http://future-vision.asia/images/cabinet/byOrder/cabinet42.webp"
143;"21B-0109";"Cabinet";"By Order";"http://future-vision.asia/images/cabinet/byOrder/cabinet43.webp"
144;"21B-0110";"Cabinet";"By Order";"http://future-vision.asia/images/cabinet/byOrder/cabinet44.webp"
145;"29B0224";"Cabinet";"By Order";"http://future-vision.asia/images/cabinet/byOrder/cabinet45.webp"
146;"29B0112";"Cabinet";"By Order";"http://future-vision.asia/images/cabinet/byOrder/cabinet46.webp"
147;"29B0108";"Cabinet";"By Order";"http://future-vision.asia/images/cabinet/byOrder/cabinet47.webp"
148;"29B0113";"Cabinet";"By Order";"http://future-vision.asia/images/cabinet/byOrder/cabinet48.webp"
149;"39B-0228";"Cabinet";"By Order";"http://future-vision.asia/images/cabinet/byOrder/cabinet49.webp"
150;"39B-0214";"Cabinet";"By Order";"http://future-vision.asia/images/cabinet/byOrder/cabinet50.webp"
151;"39B-0120";"Cabinet";"By Order";"http://future-vision.asia/images/cabinet/byOrder/cabinet51.webp"
152;"61B-0231";"Cabinet";"By Order";"http://future-vision.asia/images/cabinet/byOrder/cabinet52.webp"
153;"61B-0108";"Cabinet";"By Order";"http://future-vision.asia/images/cabinet/byOrder/cabinet53.webp"
154;"51B-0231";"Cabinet";"By Order";"http://future-vision.asia/images/cabinet/byOrder/cabinet54.webp"
155;"51B-0112LR";"Cabinet";"By Order";"http://future-vision.asia/images/cabinet/byOrder/cabinet55.webp"
156;"51B-0113LR";"Cabinet";"By Order";"http://future-vision.asia/images/cabinet/byOrder/cabinet56.webp"
157;"51B-0108";"Cabinet";"By Order";"http://future-vision.asia/images/cabinet/byOrder/cabinet57.webp"
158;"51B-0312";"Cabinet";"By Order";"http://future-vision.asia/images/cabinet/byOrder/cabinet58.webp"
159;"51B-0324";"Cabinet";"By Order";"http://future-vision.asia/images/cabinet/byOrder/cabinet59.webp"
160;"71B-0122";"Cabinet";"By Order";"http://future-vision.asia/images/cabinet/byOrder/cabinet60.webp"
161;"71B-0112LR";"Cabinet";"By Order";"http://future-vision.asia/images/cabinet/byOrder/cabinet61.webp"
162;"71B-0108";"Cabinet";"By Order";"http://future-vision.asia/images/cabinet/byOrder/cabinet62.webp"
163;"71B-0508";"Cabinet";"By Order";"http://future-vision.asia/images/cabinet/byOrder/cabinet63.webp"
164;"71B-0512";"Cabinet";"By Order";"http://future-vision.asia/images/cabinet/byOrder/cabinet64.webp"
165;"51B-0325";"Cabinet";"By Order";"http://future-vision.asia/images/cabinet/byOrder/cabinet65.webp"
166;"51B-0326";"Cabinet";"By Order";"http://future-vision.asia/images/cabinet/byOrder/cabinet66.webp"
167;"CB01-1001";"Cabinet";"Made in Saudi";"http://future-vision.asia/images/cabinet/madeInSaudi/cabinet01.webp"
168;"CB02-1002";"Cabinet";"Made in Saudi";"http://future-vision.asia/images/cabinet/madeInSaudi/cabinet02.webp"
169;"CB03-1003";"Cabinet";"Made in Saudi";"http://future-vision.asia/images/cabinet/madeInSaudi/cabinet03.webp"
170;"CB04-1004";"Cabinet";"Made in Saudi";"http://future-vision.asia/images/cabinet/madeInSaudi/cabinet04.webp"
171;"CB05-1005";"Cabinet";"Made in Saudi";"http://future-vision.asia/images/cabinet/madeInSaudi/cabinet05.webp"
172;"CB06-1006";"Cabinet";"Made in Saudi";"http://future-vision.asia/images/cabinet/madeInSaudi/cabinet06.webp"
173;"CB07-1007";"Cabinet";"Made in Saudi";"http://future-vision.asia/images/cabinet/madeInSaudi/cabinet07.webp"
174;"CB08-1008";"Cabinet";"Made in Saudi";"http://future-vision.asia/images/cabinet/madeInSaudi/cabinet08.webp"
175;"CB09-1009";"Cabinet";"Made in Saudi";"http://future-vision.asia/images/cabinet/madeInSaudi/cabinet09.webp"
176;"CB10-1010";"Cabinet";"Made in Saudi";"http://future-vision.asia/images/cabinet/madeInSaudi/cabinet10.webp"
177;"CB11-1011";"Cabinet";"Made in Saudi";"http://future-vision.asia/images/cabinet/madeInSaudi/cabinet11.webp"
178;"CB13-1012";"Cabinet";"Made in Saudi";"http://future-vision.asia/images/cabinet/madeInSaudi/cabinet12.webp"
179;"CB13-1013";"Cabinet";"Made in Saudi";"http://future-vision.asia/images/cabinet/madeInSaudi/cabinet13.webp"
180;"CB14-1014";"Cabinet";"Made in Saudi";"http://future-vision.asia/images/cabinet/madeInSaudi/cabinet14.webp"
181;"CB15-1015";"Cabinet";"Made in Saudi";"http://future-vision.asia/images/cabinet/madeInSaudi/cabinet15.webp"
182;"CB16-1016";"Cabinet";"Made in Saudi";"http://future-vision.asia/images/cabinet/madeInSaudi/cabinet16.webp"
183;"CB17-1017";"Cabinet";"Made in Saudi";"http://future-vision.asia/images/cabinet/madeInSaudi/cabinet17.webp"
184;"CB18-1018";"Cabinet";"Made in Saudi";"http://future-vision.asia/images/cabinet/madeInSaudi/cabinet18.webp"
185;"CB19-1019";"Cabinet";"Made in Saudi";"http://future-vision.asia/images/cabinet/madeInSaudi/cabinet19.webp"
186;"EO-1101";"Employees Office";"By Order";"http://future-vision.asia/images/employeesOffice/byOrder/employees_office01.webp"
187;"EO-1102";"Employees Office";"By Order";"http://future-vision.asia/images/employeesOffice/byOrder/employees_office02.webp"
188;"EO-1103";"Employees Office";"By Order";"http://future-vision.asia/images/employeesOffice/byOrder/employees_office03.webp"
189;"EO-1104";"Employees Office";"By Order";"http://future-vision.asia/images/employeesOffice/byOrder/employees_office04.webp"
190;"EO-1105";"Employees Office";"By Order";"http://future-vision.asia/images/employeesOffice/byOrder/employees_office05.webp"
191;"EO-1106";"Employees Office";"By Order";"http://future-vision.asia/images/employeesOffice/byOrder/employees_office06.webp"
192;"EO-1107";"Employees Office";"By Order";"http://future-vision.asia/images/employeesOffice/byOrder/employees_office07.webp"
193;"EO-2101";"Employees Office";"Made in Saudi";"http://future-vision.asia/images/employeesOffice/madeInSaudi/employees_office01.webp"
194;"EO-2102";"Employees Office";"Made in Saudi";"http://future-vision.asia/images/employeesOffice/madeInSaudi/employees_office02.webp"
195;"EO-2103";"Employees Office";"Made in Saudi";"http://future-vision.asia/images/employeesOffice/madeInSaudi/employees_office03.webp"
196;"EO-2104";"Employees Office";"Made in Saudi";"http://future-vision.asia/images/employeesOffice/madeInSaudi/employees_office04.webp"
197;"EO-2105";"Employees Office";"Made in Saudi";"http://future-vision.asia/images/employeesOffice/madeInSaudi/employees_office05.webp"
198;"EO-2106";"Employees Office";"Made in Saudi";"http://future-vision.asia/images/employeesOffice/madeInSaudi/employees_office06.webp"
199;"EO-2107";"Employees Office";"Made in Saudi";"http://future-vision.asia/images/employeesOffice/madeInSaudi/employees_office07.webp"
200;"EO-2108";"Employees Office";"Made in Saudi";"http://future-vision.asia/images/employeesOffice/madeInSaudi/employees_office08.webp"
201;"EO-21019";"Employees Office";"Made in Saudi";"http://future-vision.asia/images/employeesOffice/madeInSaudi/employees_office09.webp"
202;"EO-2110";"Employees Office";"Made in Saudi";"http://future-vision.asia/images/employeesOffice/madeInSaudi/employees_office10.webp"
203;"EO-3801";"Executive Office";"By Order";"http://future-vision.asia/images/executiveOffice/byOrder/executive_office01.webp"
204;"EO-3802";"Executive Office";"By Order";"http://future-vision.asia/images/executiveOffice/byOrder/executive_office02.webp"
205;"EO-3803";"Executive Office";"By Order";"http://future-vision.asia/images/executiveOffice/byOrder/executive_office03.webp"
206;"EO-3804";"Executive Office";"By Order";"http://future-vision.asia/images/executiveOffice/byOrder/executive_office04.webp"
207;"EO-3805";"Executive Office";"By Order";"http://future-vision.asia/images/executiveOffice/byOrder/executive_office05.webp"
208;"EO-3806";"Executive Office";"By Order";"http://future-vision.asia/images/executiveOffice/byOrder/executive_office06.webp"
209;"EO-3807";"Executive Office";"By Order";"http://future-vision.asia/images/executiveOffice/byOrder/executive_office07.webp"
210;"EO-3808";"Executive Office";"By Order";"http://future-vision.asia/images/executiveOffice/byOrder/executive_office08.webp"
211;"EO-3809";"Executive Office";"By Order";"http://future-vision.asia/images/executiveOffice/byOrder/executive_office09.webp"
212;"EO-3810";"Executive Office";"By Order";"http://future-vision.asia/images/executiveOffice/byOrder/executive_office10.webp"
213;"EO-3811";"Executive Office";"By Order";"http://future-vision.asia/images/executiveOffice/byOrder/executive_office11.webp"
214;"EO-3812";"Executive Office";"By Order";"http://future-vision.asia/images/executiveOffice/byOrder/executive_office12.webp"
215;"EO-3813";"Executive Office";"By Order";"http://future-vision.asia/images/executiveOffice/byOrder/executive_office13.webp"
216;"EO-3814";"Executive Office";"By Order";"http://future-vision.asia/images/executiveOffice/byOrder/executive_office14.webp"
217;"EO-3815";"Executive Office";"By Order";"http://future-vision.asia/images/executiveOffice/byOrder/executive_office15.webp"
218;"EO-3816";"Executive Office";"By Order";"http://future-vision.asia/images/executiveOffice/byOrder/executive_office16.webp"
219;"EO-3817";"Executive Office";"By Order";"http://future-vision.asia/images/executiveOffice/byOrder/executive_office17.webp"
220;"EO-3818";"Executive Office";"By Order";"http://future-vision.asia/images/executiveOffice/byOrder/executive_office18.webp"
221;"EO-3819";"Executive Office";"By Order";"http://future-vision.asia/images/executiveOffice/byOrder/executive_office19.webp"
222;"EO-3820";"Executive Office";"By Order";"http://future-vision.asia/images/executiveOffice/byOrder/executive_office20.webp"
223;"EO-3821";"Executive Office";"By Order";"http://future-vision.asia/images/executiveOffice/byOrder/executive_office21.webp"
224;"EO-3822";"Executive Office";"By Order";"http://future-vision.asia/images/executiveOffice/byOrder/executive_office22.webp"
225;"EO-3823";"Executive Office";"By Order";"http://future-vision.asia/images/executiveOffice/byOrder/executive_office23.webp"
226;"EO-3824";"Executive Office";"By Order";"http://future-vision.asia/images/executiveOffice/byOrder/executive_office24.webp"
227;"EO-3825";"Executive Office";"By Order";"http://future-vision.asia/images/executiveOffice/byOrder/executive_office25.webp"
228;"EO-3826";"Executive Office";"By Order";"http://future-vision.asia/images/executiveOffice/byOrder/executive_office26.webp"
229;"EO-3827";"Executive Office";"By Order";"http://future-vision.asia/images/executiveOffice/byOrder/executive_office27.webp"
230;"EO-3828";"Executive Office";"By Order";"http://future-vision.asia/images/executiveOffice/byOrder/executive_office28.webp"
231;"EO-3829";"Executive Office";"By Order";"http://future-vision.asia/images/executiveOffice/byOrder/executive_office29.webp"
232;"EO-3830";"Executive Office";"By Order";"http://future-vision.asia/images/executiveOffice/byOrder/executive_office30.webp"
233;"EO-3831";"Executive Office";"By Order";"http://future-vision.asia/images/executiveOffice/byOrder/executive_office31.webp"
234;"EO-3931";"Executive Office";"Made in Saudi";"http://future-vision.asia/images/executiveOffice/madeInSaudi/executive_office01.webp"
235;"EO-3932";"Executive Office";"Made in Saudi";"http://future-vision.asia/images/executiveOffice/madeInSaudi/executive_office02.webp"
236;"EO-3933";"Executive Office";"Made in Saudi";"http://future-vision.asia/images/executiveOffice/madeInSaudi/executive_office03.webp"
237;"EO-3934";"Executive Office";"Made in Saudi";"http://future-vision.asia/images/executiveOffice/madeInSaudi/executive_office04.webp"
238;"EO-3935";"Executive Office";"Made in Saudi";"http://future-vision.asia/images/executiveOffice/madeInSaudi/executive_office05.webp"
239;"LC-1251";"Leather Chairs";"By Order";"http://future-vision.asia/images/leatherChairs/byOrder/leather_chairs01.webp"
240;"LC-1252";"Leather Chairs";"By Order";"http://future-vision.asia/images/leatherChairs/byOrder/leather_chairs02.webp"
241;"LC-1253";"Leather Chairs";"By Order";"http://future-vision.asia/images/leatherChairs/byOrder/leather_chairs03.webp"
242;"LC-1254";"Leather Chairs";"By Order";"http://future-vision.asia/images/leatherChairs/byOrder/leather_chairs04.webp"
243;"LC-1255";"Leather Chairs";"By Order";"http://future-vision.asia/images/leatherChairs/byOrder/leather_chairs05.webp"
244;"LC-1256";"Leather Chairs";"By Order";"http://future-vision.asia/images/leatherChairs/byOrder/leather_chairs06.webp"
245;"LC-1257";"Leather Chairs";"By Order";"http://future-vision.asia/images/leatherChairs/byOrder/leather_chairs07.webp"
246;"LC-1258";"Leather Chairs";"By Order";"http://future-vision.asia/images/leatherChairs/byOrder/leather_chairs08.webp"
247;"LC-1259";"Leather Chairs";"By Order";"http://future-vision.asia/images/leatherChairs/byOrder/leather_chairs09.webp"
248;"LC-1260";"Leather Chairs";"By Order";"http://future-vision.asia/images/leatherChairs/byOrder/leather_chairs10.webp"
249;"LC-1261";"Leather Chairs";"By Order";"http://future-vision.asia/images/leatherChairs/byOrder/leather_chairs11.webp"
250;"LC-1262";"Leather Chairs";"By Order";"http://future-vision.asia/images/leatherChairs/byOrder/leather_chairs12.webp"
251;"LC-1263";"Leather Chairs";"By Order";"http://future-vision.asia/images/leatherChairs/byOrder/leather_chairs13.webp"
252;"LC-12645";"Leather Chairs";"By Order";"http://future-vision.asia/images/leatherChairs/byOrder/leather_chairs14.webp"
253;"LC-1266";"Leather Chairs";"By Order";"http://future-vision.asia/images/leatherChairs/byOrder/leather_chairs15.webp"
254;"LC-1267";"Leather Chairs";"By Order";"http://future-vision.asia/images/leatherChairs/byOrder/leather_chairs16.webp"
255;"LC-1268";"Leather Chairs";"By Order";"http://future-vision.asia/images/leatherChairs/byOrder/leather_chairs17.webp"
256;"LC-1269";"Leather Chairs";"By Order";"http://future-vision.asia/images/leatherChairs/byOrder/leather_chairs18.webp"
257;"LC-1270";"Leather Chairs";"By Order";"http://future-vision.asia/images/leatherChairs/byOrder/leather_chairs19.webp"
258;"LC-1270";"Leather Chairs";"By Order";"http://future-vision.asia/images/leatherChairs/byOrder/leather_chairs20.webp"
259;"LC12-1380";"Leather Chairs";"Made in Saudi";"http://future-vision.asia/images/leatherChairs/madeInSaudi/leather_chairs01.webp"
260;"LC12-1381";"Leather Chairs";"Made in Saudi";"http://future-vision.asia/images/leatherChairs/madeInSaudi/leather_chairs02.webp"
261;"LC12-1382";"Leather Chairs";"Made in Saudi";"http://future-vision.asia/images/leatherChairs/madeInSaudi/leather_chairs03.webp"
262;"LC12-1383";"Leather Chairs";"Made in Saudi";"http://future-vision.asia/images/leatherChairs/madeInSaudi/leather_chairs04.webp"
263;"LC12-1384";"Leather Chairs";"Made in Saudi";"http://future-vision.asia/images/leatherChairs/madeInSaudi/leather_chairs05.webp"
264;"LC12-1385";"Leather Chairs";"Made in Saudi";"http://future-vision.asia/images/leatherChairs/madeInSaudi/leather_chairs06.webp"
265;"MT15-1501";"Meeting Table";"By Order";"http://future-vision.asia/images/meetingTable/byOrder/meeting_table01.webp"
266;"MT15-1502";"Meeting Table";"By Order";"http://future-vision.asia/images/meetingTable/byOrder/meeting_table02.webpp"
267;"MT15-1503";"Meeting Table";"By Order";"http://future-vision.asia/images/meetingTable/byOrder/meeting_table03.webp"
268;"MT15-1504";"Meeting Table";"By Order";"http://future-vision.asia/images/meetingTable/byOrder/meeting_table04.webp"
269;"MT15-1505";"Meeting Table";"By Order";"http://future-vision.asia/images/meetingTable/byOrder/meeting_table05.webp"
270;"MT15-1506";"Meeting Table";"By Order";"http://future-vision.asia/images/meetingTable/byOrder/meeting_table06.webp"
271;"MT15-1507";"Meeting Table";"By Order";"http://future-vision.asia/images/meetingTable/byOrder/meeting_table07.webp"
272;"MT15-1508";"Meeting Table";"By Order";"http://future-vision.asia/images/meetingTable/byOrder/meeting_table08.webp"
273;"MT15-1509";"Meeting Table";"By Order";"http://future-vision.asia/images/meetingTable/byOrder/meeting_table09.webp"
274;"MT15-1510";"Meeting Table";"By Order";"http://future-vision.asia/images/meetingTable/byOrder/meeting_table10.webp"
275;"MT15-1511";"Meeting Table";"By Order";"http://future-vision.asia/images/meetingTable/byOrder/meeting_table11.webp"
276;"MT15-1512";"Meeting Table";"By Order";"http://future-vision.asia/images/meetingTable/byOrder/meeting_table12.webp"
277;"MT15-1513";"Meeting Table";"By Order";"http://future-vision.asia/images/meetingTable/byOrder/meeting_table13.webp"
278;"MT15-1514";"Meeting Table";"By Order";"http://future-vision.asia/images/meetingTable/byOrder/meeting_table14.webpp"
279;"MT15-1515";"Meeting Table";"By Order";"http://future-vision.asia/images/meetingTable/byOrder/meeting_table15.webp"
280;"MT15-1516";"Meeting Table";"By Order";"http://future-vision.asia/images/meetingTable/byOrder/meeting_table16.webp"
281;"MT15-1517";"Meeting Table";"By Order";"http://future-vision.asia/images/meetingTable/byOrder/meeting_table17.webp"
282;"MT15-1518";"Meeting Table";"By Order";"http://future-vision.asia/images/meetingTable/byOrder/meeting_table18.webp"
283;"MT15-1519";"Meeting Table";"By Order";"http://future-vision.asia/images/meetingTable/byOrder/meeting_table19.webpp"
284;"MT15-1520";"Meeting Table";"By Order";"http://future-vision.asia/images/meetingTable/byOrder/meeting_table20.webpp"
285;"MT15-1521";"Meeting Table";"By Order";"http://future-vision.asia/images/meetingTable/byOrder/meeting_table21.webp"
286;"MT15-1522";"Meeting Table";"By Order";"http://future-vision.asia/images/meetingTable/byOrder/meeting_table22.webpp"
287;"MT15-1523";"Meeting Table";"By Order";"http://future-vision.asia/images/meetingTable/byOrder/meeting_table23.webp"
288;"MT15-1524";"Meeting Table";"By Order";"http://future-vision.asia/images/meetingTable/byOrder/meeting_table24.webpp"
289;"MT15-1525";"Meeting Table";"By Order";"http://future-vision.asia/images/meetingTable/byOrder/meeting_table25.webpp"
290;"MT15-1526";"Meeting Table";"By Order";"http://future-vision.asia/images/meetingTable/byOrder/meeting_table26.webp"
291;"MT15-1527";"Meeting Table";"By Order";"http://future-vision.asia/images/meetingTable/byOrder/meeting_table27.webp"
292;"MT15-1528";"Meeting Table";"By Order";"http://future-vision.asia/images/meetingTable/byOrder/meeting_table28.webpp"
293;"MT15-1529";"Meeting Table";"By Order";"http://future-vision.asia/images/meetingTable/byOrder/meeting_table29.webpp"
294;"MT15-1530";"Meeting Table";"By Order";"http://future-vision.asia/images/meetingTable/byOrder/meeting_table30.webp"
295;"MT15-1531";"Meeting Table";"By Order";"http://future-vision.asia/images/meetingTable/byOrder/meeting_table31.webpp"
296;"MT15-1532";"Meeting Table";"By Order";"http://future-vision.asia/images/meetingTable/byOrder/meeting_table32.webp"
297;"MT15-1533";"Meeting Table";"By Order";"http://future-vision.asia/images/meetingTable/byOrder/meeting_table33.webp"
298;"MT15-1534";"Meeting Table";"By Order";"http://future-vision.asia/images/meetingTable/byOrder/meeting_table34.webpp"
299;"MT15-1535";"Meeting Table";"By Order";"http://future-vision.asia/images/meetingTable/byOrder/meeting_table35.webpp"
300;"MT16-1560";"Meeting Table";"Made in Saudi";"http://future-vision.asia/images/meetingTable/madeInSaudi/meeting_table01.webp"
301;"MT16-1561";"Meeting Table";"Made in Saudi";"http://future-vision.asia/images/meetingTable/madeInSaudi/meeting_table02.webp"
302;"MT16-1562";"Meeting Table";"Made in Saudi";"http://future-vision.asia/images/meetingTable/madeInSaudi/meeting_table03.webp"
303;"MT16-1563";"Meeting Table";"Made in Saudi";"http://future-vision.asia/images/meetingTable/madeInSaudi/meeting_table04.webp"
304;"MT16-1564";"Meeting Table";"Made in Saudi";"http://future-vision.asia/images/meetingTable/madeInSaudi/meeting_table05.webp"
305;"MT16-1565";"Meeting Table";"Made in Saudi";"http://future-vision.asia/images/meetingTable/madeInSaudi/meeting_table06.webp"
306;"MT16-1566";"Meeting Table";"Made in Saudi";"http://future-vision.asia/images/meetingTable/madeInSaudi/meeting_table07.webp"
307;"MT16-1567";"Meeting Table";"Made in Saudi";"http://future-vision.asia/images/meetingTable/madeInSaudi/meeting_table08.webp"
308;"MT16-1568";"Meeting Table";"Made in Saudi";"http://future-vision.asia/images/meetingTable/madeInSaudi/meeting_table09.webp"
309;"MT16-1569";"Meeting Table";"Made in Saudi";"http://future-vision.asia/images/meetingTable/madeInSaudi/meeting_table10.webp"
310;"MT16-1570";"Meeting Table";"Made in Saudi";"http://future-vision.asia/images/meetingTable/madeInSaudi/meeting_table11.webp"
311;"MO40-6100";"Manager Office";"By Order";"http://future-vision.asia/images/managerOffice/byOrder/manager_office01.webp"
312;"MO40-6101";"Manager Office";"By Order";"http://future-vision.asia/images/managerOffice/byOrder/manager_office02.webp"
313;"MO40-6102";"Manager Office";"By Order";"http://future-vision.asia/images/managerOffice/byOrder/manager_office03.webp"
314;"MO40-6103";"Manager Office";"By Order";"http://future-vision.asia/images/managerOffice/byOrder/manager_office04.webp"
315;"MO40-6104";"Manager Office";"By Order";"http://future-vision.asia/images/managerOffice/byOrder/manager_office05.webp"
316;"MO40-6105";"Manager Office";"By Order";"http://future-vision.asia/images/managerOffice/byOrder/manager_office06.webp"
317;"MO40-6106";"Manager Office";"By Order";"http://future-vision.asia/images/managerOffice/byOrder/manager_office07.webp"
318;"MO40-6107";"Manager Office";"By Order";"http://future-vision.asia/images/managerOffice/byOrder/manager_office08.webp"
319;"MO40-6108";"Manager Office";"By Order";"http://future-vision.asia/images/managerOffice/byOrder/manager_office09.webp"
320;"MO40-6109";"Manager Office";"By Order";"http://future-vision.asia/images/managerOffice/byOrder/manager_office10.webp"
321;"MO40-6110";"Manager Office";"By Order";"http://future-vision.asia/images/managerOffice/byOrder/manager_office11.webp"
322;"MO40-6111";"Manager Office";"By Order";"http://future-vision.asia/images/managerOffice/byOrder/manager_office12.webp"
323;"MO40-6112";"Manager Office";"By Order";"http://future-vision.asia/images/managerOffice/byOrder/manager_office13.webp"
324;"MO40-6113";"Manager Office";"By Order";"http://future-vision.asia/images/managerOffice/byOrder/manager_office14.webp"
325;"MO40-6114";"Manager Office";"By Order";"http://future-vision.asia/images/managerOffice/byOrder/manager_office15.webp"
326;"MO40-6115";"Manager Office";"By Order";"http://future-vision.asia/images/managerOffice/byOrder/manager_office16.webp"
327;"MO40-6116";"Manager Office";"By Order";"http://future-vision.asia/images/managerOffice/byOrder/manager_office17.webp"
328;"MO40-6117";"Manager Office";"By Order";"http://future-vision.asia/images/managerOffice/byOrder/manager_office18.webp"
329;"MO40-6118";"Manager Office";"By Order";"http://future-vision.asia/images/managerOffice/byOrder/manager_office19.webp"
330;"MO40-6119";"Manager Office";"By Order";"http://future-vision.asia/images/managerOffice/byOrder/manager_office20.webp"
331;"MO40-6120";"Manager Office";"By Order";"http://future-vision.asia/images/managerOffice/byOrder/manager_office21.webp"
332;"MO40-6121";"Manager Office";"By Order";"http://future-vision.asia/images/managerOffice/byOrder/manager_office22.webp"
333;"MO40-6122";"Manager Office";"By Order";"http://future-vision.asia/images/managerOffice/byOrder/manager_office23.webp"
334;"MO40-6123";"Manager Office";"By Order";"http://future-vision.asia/images/managerOffice/byOrder/manager_office24.webp"
335;"MO40-6124";"Manager Office";"By Order";"http://future-vision.asia/images/managerOffice/byOrder/manager_office25.webp"
336;"MO40-6125";"Manager Office";"By Order";"http://future-vision.asia/images/managerOffice/byOrder/manager_office26.webp"
337;"MO40-6126";"Manager Office";"By Order";"http://future-vision.asia/images/managerOffice/byOrder/manager_office27.webp"
338;"MO40-6127";"Manager Office";"By Order";"http://future-vision.asia/images/managerOffice/byOrder/manager_office28.webp"
339;"MO40-6128";"Manager Office";"By Order";"http://future-vision.asia/images/managerOffice/byOrder/manager_office29.webp"
340;"MO40-6129";"Manager Office";"By Order";"http://future-vision.asia/images/managerOffice/byOrder/manager_office30.webp"
341;"MO40-6130";"Manager Office";"By Order";"http://future-vision.asia/images/managerOffice/byOrder/manager_office31.webp"
342;"MO40-6131";"Manager Office";"By Order";"http://future-vision.asia/images/managerOffice/byOrder/manager_office32.webp"
343;"MO40-6132";"Manager Office";"By Order";"http://future-vision.asia/images/managerOffice/byOrder/manager_office33.webp"
344;"MO40-6133";"Manager Office";"By Order";"http://future-vision.asia/images/managerOffice/byOrder/manager_office34.webp"
345;"MO40-6134";"Manager Office";"By Order";"http://future-vision.asia/images/managerOffice/byOrder/manager_office35.webp"
346;"MO40-6135";"Manager Office";"By Order";"http://future-vision.asia/images/managerOffice/byOrder/manager_office36.webp"
347;"MO40-6136";"Manager Office";"By Order";"http://future-vision.asia/images/managerOffice/byOrder/manager_office37.webp"
348;"MO40-6137";"Manager Office";"By Order";"http://future-vision.asia/images/managerOffice/byOrder/manager_office38.webp"
349;"MO40-6138";"Manager Office";"By Order";"http://future-vision.asia/images/managerOffice/byOrder/manager_office39.webp"
350;"MO40-6139";"Manager Office";"By Order";"http://future-vision.asia/images/managerOffice/byOrder/manager_office40.webp"
351;"MO40-6140";"Manager Office";"By Order";"http://future-vision.asia/images/managerOffice/byOrder/manager_office41.webp"
352;"MO40-6141";"Manager Office";"By Order";"http://future-vision.asia/images/managerOffice/byOrder/manager_office42.webp"
353;"MO40-6142";"Manager Office";"By Order";"http://future-vision.asia/images/managerOffice/byOrder/manager_office43.webp"
354;"MO40-6143";"Manager Office";"By Order";"http://future-vision.asia/images/managerOffice/byOrder/manager_office44.webp"
355;"MO60-1810";"Manager Office";"Made in Saudi";"http://future-vision.asia/images/managerOffice/madeInSaudi/manager_office01.webp"
356;"MO60-1811";"Manager Office";"Made in Saudi";"http://future-vision.asia/images/managerOffice/madeInSaudi/manager_office02.webp"
357;"MO60-1812";"Manager Office";"Made in Saudi";"http://future-vision.asia/images/managerOffice/madeInSaudi/manager_office03.webp"
358;"MO60-1813";"Manager Office";"Made in Saudi";"http://future-vision.asia/images/managerOffice/madeInSaudi/manager_office04.webp"
359;"MO60-1814";"Manager Office";"Made in Saudi";"http://future-vision.asia/images/managerOffice/madeInSaudi/manager_office05.webp"
360;"MO60-1815";"Manager Office";"Made in Saudi";"http://future-vision.asia/images/managerOffice/madeInSaudi/manager_office06.webp"
361;"MO60-1816";"Manager Office";"Made in Saudi";"http://future-vision.asia/images/managerOffice/madeInSaudi/manager_office07.webp"
362;"MO60-1817";"Manager Office";"Made in Saudi";"http://future-vision.asia/images/managerOffice/madeInSaudi/manager_office08.webp"
363;"MO60-1818";"Manager Office";"Made in Saudi";"http://future-vision.asia/images/managerOffice/madeInSaudi/manager_office09.webp"
364;"MO60-1819";"Manager Office";"Made in Saudi";"http://future-vision.asia/images/managerOffice/madeInSaudi/manager_office10.webp"
365;"MO60-1820";"Manager Office";"Made in Saudi";"http://future-vision.asia/images/managerOffice/madeInSaudi/manager_office11.webp"
366;"MO60-1821";"Manager Office";"Made in Saudi";"http://future-vision.asia/images/managerOffice/madeInSaudi/manager_office12.webp"
367;"MO60-1822";"Manager Office";"Made in Saudi";"http://future-vision.asia/images/managerOffice/madeInSaudi/manager_office13.webp"
368;"MO60-1823";"Manager Office";"Made in Saudi";"http://future-vision.asia/images/managerOffice/madeInSaudi/manager_office14.webp"
369;"MC10-2460";"Mesh Chair";"By Order";"http://future-vision.asia/images/meshChair/byOrder/mesh_chair01.webp"
370;"MC10-2461";"Mesh Chair";"By Order";"http://future-vision.asia/images/meshChair/byOrder/mesh_chair02.webp"
371;"MC10-2462";"Mesh Chair";"By Order";"http://future-vision.asia/images/meshChair/byOrder/mesh_chair03.webp"
372;"MC10-2463";"Mesh Chair";"By Order";"http://future-vision.asia/images/meshChair/byOrder/mesh_chair04.webp"
373;"MC10-2464";"Mesh Chair";"By Order";"http://future-vision.asia/images/meshChair/byOrder/mesh_chair05.webp"
374;"MC10-2465";"Mesh Chair";"By Order";"http://future-vision.asia/images/meshChair/byOrder/mesh_chair06.webp"
375;"MC10-2466";"Mesh Chair";"By Order";"http://future-vision.asia/images/meshChair/byOrder/mesh_chair07.webp"
376;"MC10-2467";"Mesh Chair";"By Order";"http://future-vision.asia/images/meshChair/byOrder/mesh_chair08.webp"
377;"MC10-2468";"Mesh Chair";"By Order";"http://future-vision.asia/images/meshChair/byOrder/mesh_chair09.webp"
378;"MC10-2469";"Mesh Chair";"By Order";"http://future-vision.asia/images/meshChair/byOrder/mesh_chair10.webp"
379;"MC10-2470";"Mesh Chair";"By Order";"http://future-vision.asia/images/meshChair/byOrder/mesh_chair11.webp"
380;"MC10-2471";"Mesh Chair";"By Order";"http://future-vision.asia/images/meshChair/byOrder/mesh_chair12.webp"
381;"MC10-2472";"Mesh Chair";"By Order";"http://future-vision.asia/images/meshChair/byOrder/mesh_chair13.webp"
382;"MC10-2473";"Mesh Chair";"By Order";"http://future-vision.asia/images/meshChair/byOrder/mesh_chair14.webp"
383;"MC10-2474";"Mesh Chair";"By Order";"http://future-vision.asia/images/meshChair/byOrder/mesh_chair15.webp"
384;"MC10-2475";"Mesh Chair";"By Order";"http://future-vision.asia/images/meshChair/byOrder/mesh_chair16.webp"
385;"MC10-2476";"Mesh Chair";"By Order";"http://future-vision.asia/images/meshChair/byOrder/mesh_chair17.webp"
386;"MC10-2477";"Mesh Chair";"By Order";"http://future-vision.asia/images/meshChair/byOrder/mesh_chair18.webp"
387;"MC10-2478";"Mesh Chair";"By Order";"http://future-vision.asia/images/meshChair/byOrder/mesh_chair19.webp"
388;"MC10-2479";"Mesh Chair";"By Order";"http://future-vision.asia/images/meshChair/byOrder/mesh_chair20.webp"
389;"MC10-2480";"Mesh Chair";"By Order";"http://future-vision.asia/images/meshChair/byOrder/mesh_chair21.webp"
390;"MC10-2481";"Mesh Chair";"By Order";"http://future-vision.asia/images/meshChair/byOrder/mesh_chair22.webp"
391;"MC10-2482";"Mesh Chair";"By Order";"http://future-vision.asia/images/meshChair/byOrder/mesh_chair23.webp"
392;"MC10-2483";"Mesh Chair";"By Order";"http://future-vision.asia/images/meshChair/byOrder/mesh_chair24.webp"
393;"MC10-2484";"Mesh Chair";"By Order";"http://future-vision.asia/images/meshChair/byOrder/mesh_chair25.webp"
394;"MC10-2485";"Mesh Chair";"By Order";"http://future-vision.asia/images/meshChair/byOrder/mesh_chair26.webp"
395;"MC10-2486";"Mesh Chair";"By Order";"http://future-vision.asia/images/meshChair/byOrder/mesh_chair27.webp"
396;"MC10-2487";"Mesh Chair";"By Order";"http://future-vision.asia/images/meshChair/byOrder/mesh_chair28.webp"
397;"MC10-2488";"Mesh Chair";"By Order";"http://future-vision.asia/images/meshChair/byOrder/mesh_chair29.webp"
398;"MC10-2489";"Mesh Chair";"By Order";"http://future-vision.asia/images/meshChair/byOrder/mesh_chair30.webp"
399;"MC20-2450";"Mesh Chair";"Made in Saudi";"http://future-vision.asia/images/meshChair/madeInSaudi/mesh_chair01.webp"
400;"MC20-2451";"Mesh Chair";"Made in Saudi";"http://future-vision.asia/images/meshChair/madeInSaudi/mesh_chair02.webp"
401;"MC20-2452";"Mesh Chair";"Made in Saudi";"http://future-vision.asia/images/meshChair/madeInSaudi/mesh_chair03.webp"
402;"MC20-2453";"Mesh Chair";"Made in Saudi";"http://future-vision.asia/images/meshChair/madeInSaudi/mesh_chair04.webp"
403;"R239-4570";"Reception";"By Order";"http://future-vision.asia/images/reception/byOrder/reception01.webp"
404;"R239-4571";"Reception";"By Order";"http://future-vision.asia/images/reception/byOrder/reception02.webp"
405;"R239-4572";"Reception";"By Order";"http://future-vision.asia/images/reception/byOrder/reception03.webp"
406;"R239-4573";"Reception";"By Order";"http://future-vision.asia/images/reception/byOrder/reception04.webp"
407;"R239-4574";"Reception";"By Order";"http://future-vision.asia/images/reception/byOrder/reception05.webp"
408;"R239-4575";"Reception";"By Order";"http://future-vision.asia/images/reception/byOrder/reception06.webp"
409;"R239-4576";"Reception";"By Order";"http://future-vision.asia/images/reception/byOrder/reception07.webp"
410;"R239-4577";"Reception";"By Order";"http://future-vision.asia/images/reception/byOrder/reception08.webp"
411;"R239-4578";"Reception";"By Order";"http://future-vision.asia/images/reception/byOrder/reception09.webp"
412;"R239-4579";"Reception";"By Order";"http://future-vision.asia/images/reception/byOrder/reception10.webp"
413;"R239-4580";"Reception";"By Order";"http://future-vision.asia/images/reception/byOrder/reception11.webp"
414;"R239-4581";"Reception";"By Order";"http://future-vision.asia/images/reception/byOrder/reception12.webp"
415;"R239-4581";"Reception";"By Order";"http://future-vision.asia/images/reception/byOrder/reception13.webp"
416;"R239-4582";"Reception";"By Order";"http://future-vision.asia/images/reception/byOrder/reception14.webp"
417;"R239-4583";"Reception";"By Order";"http://future-vision.asia/images/reception/byOrder/reception15.webp"
418;"R260-4590";"Reception";"Made in Saudi";"http://future-vision.asia/images/reception/madeInSaudi/reception01.webp"
419;"R260-4591";"Reception";"Made in Saudi";"http://future-vision.asia/images/reception/madeInSaudi/reception02.webp"
420;"R260-4592";"Reception";"Made in Saudi";"http://future-vision.asia/images/reception/madeInSaudi/reception03.webp"
421;"R260-4593";"Reception";"Made in Saudi";"http://future-vision.asia/images/reception/madeInSaudi/reception04.webp"
422;"R260-4594";"Reception";"Made in Saudi";"http://future-vision.asia/images/reception/madeInSaudi/reception05.webp"
423;"R260-4595";"Reception";"Made in Saudi";"http://future-vision.asia/images/reception/madeInSaudi/reception06.webp"
424;"SF66-6700";"Sofa";"By Order";"http://future-vision.asia/images/sofa/byOrder/sofa01.webp"
425;"SF66-6701";"Sofa";"By Order";"http://future-vision.asia/images/sofa/byOrder/sofa02.webp"
426;"SF66-6702";"Sofa";"By Order";"http://future-vision.asia/images/sofa/byOrder/sofa03.webp"
427;"SF66-6703";"Sofa";"By Order";"http://future-vision.asia/images/sofa/byOrder/sofa04.webp"
428;"SF66-6704";"Sofa";"By Order";"http://future-vision.asia/images/sofa/byOrder/sofa05.webp"
429;"SF66-6705";"Sofa";"By Order";"http://future-vision.asia/images/sofa/byOrder/sofa06.webp"
430;"SF66-6706";"Sofa";"By Order";"http://future-vision.asia/images/sofa/byOrder/sofa07.webp"
431;"SF66-6707";"Sofa";"By Order";"http://future-vision.asia/images/sofa/byOrder/sofa08.webp"
432;"SF66-6708";"Sofa";"By Order";"http://future-vision.asia/images/sofa/byOrder/sofa09.webp"
433;"SF66-6709";"Sofa";"By Order";"http://future-vision.asia/images/sofa/byOrder/sofa10.webp"
434;"SF66-6710";"Sofa";"By Order";"http://future-vision.asia/images/sofa/byOrder/sofa11.webp"
435;"SF66-6711";"Sofa";"By Order";"http://future-vision.asia/images/sofa/byOrder/sofa12.webp"
436;"SF66-6712";"Sofa";"By Order";"http://future-vision.asia/images/sofa/byOrder/sofa13.webp"
437;"SF66-6713";"Sofa";"By Order";"http://future-vision.asia/images/sofa/byOrder/sofa14.webp"
438;"SF66-6714";"Sofa";"By Order";"http://future-vision.asia/images/sofa/byOrder/sofa15.webp"
439;"SF66-6715";"Sofa";"By Order";"http://future-vision.asia/images/sofa/byOrder/sofa16.webp"
440;"SF66-6716";"Sofa";"By Order";"http://future-vision.asia/images/sofa/byOrder/sofa17.webp"
441;"SF66-6717";"Sofa";"By Order";"http://future-vision.asia/images/sofa/byOrder/sofa18.webp"
442;"SF66-6718";"Sofa";"By Order";"http://future-vision.asia/images/sofa/byOrder/sofa19.webp"
443;"SF66-6719";"Sofa";"By Order";"http://future-vision.asia/images/sofa/byOrder/sofa20.webp"
444;"SF66-6720";"Sofa";"By Order";"http://future-vision.asia/images/sofa/byOrder/sofa21.webp"
445;"SF66-6721";"Sofa";"By Order";"http://future-vision.asia/images/sofa/byOrder/sofa22.webp"
446;"SF66-6722";"Sofa";"By Order";"http://future-vision.asia/images/sofa/byOrder/sofa23.webp"
447;"SF66-6723";"Sofa";"By Order";"http://future-vision.asia/images/sofa/byOrder/sofa24.webp"
448;"SF66-6724";"Sofa";"By Order";"http://future-vision.asia/images/sofa/byOrder/sofa25.webp"
449;"SF66-6725";"Sofa";"By Order";"http://future-vision.asia/images/sofa/byOrder/sofa26.webp"
450;"SF66-6726";"Sofa";"By Order";"http://future-vision.asia/images/sofa/byOrder/sofa27.webp"
451;"SF66-6727";"Sofa";"By Order";"http://future-vision.asia/images/sofa/byOrder/sofa28.webp"
452;"SF66-6728";"Sofa";"By Order";"http://future-vision.asia/images/sofa/byOrder/sofa29.webp"
453;"SF66-6729";"Sofa";"By Order";"http://future-vision.asia/images/sofa/byOrder/sofa30.webp"
454;"SF66-6730";"Sofa";"By Order";"http://future-vision.asia/images/sofa/byOrder/sofa31.webp"
455;"SF66-6731";"Sofa";"By Order";"http://future-vision.asia/images/sofa/byOrder/sofa32.webp"
456;"SF66-6732";"Sofa";"By Order";"http://future-vision.asia/images/sofa/byOrder/sofa33.webp"
457;"SF66-6733";"Sofa";"By Order";"http://future-vision.asia/images/sofa/byOrder/sofa34.webp"
458;"SF66-6734";"Sofa";"By Order";"http://future-vision.asia/images/sofa/byOrder/sofa35.webp"
459;"SF66-6735";"Sofa";"By Order";"http://future-vision.asia/images/sofa/byOrder/sofa36.webp"
460;"SF66-6736";"Sofa";"By Order";"http://future-vision.asia/images/sofa/byOrder/sofa37.webp"
461;"SF66-6737";"Sofa";"By Order";"http://future-vision.asia/images/sofa/byOrder/sofa38.webp"
462;"SF66-6738";"Sofa";"By Order";"http://future-vision.asia/images/sofa/byOrder/sofa39.webp"
463;"SF66-6739";"Sofa";"By Order";"http://future-vision.asia/images/sofa/byOrder/sofa40.webp"
464;"SF66-6740";"Sofa";"By Order";"http://future-vision.asia/images/sofa/byOrder/sofa41.webp"
465;"SF66-6741";"Sofa";"By Order";"http://future-vision.asia/images/sofa/byOrder/sofa42.webp"
466;"SF66-6742";"Sofa";"By Order";"http://future-vision.asia/images/sofa/byOrder/sofa43.webp"
467;"SF66-6743";"Sofa";"By Order";"http://future-vision.asia/images/sofa/byOrder/sofa44.webp"
468;"SF66-6744";"Sofa";"By Order";"http://future-vision.asia/images/sofa/byOrder/sofa45.webp"
469;"SF66-6745";"Sofa";"By Order";"http://future-vision.asia/images/sofa/byOrder/sofa46.webp"
470;"SF66-6746";"Sofa";"By Order";"http://future-vision.asia/images/sofa/byOrder/sofa47.webp"
471;"SF66-6747";"Sofa";"By Order";"http://future-vision.asia/images/sofa/byOrder/sofa48.webp"
472;"SF66-6748";"Sofa";"By Order";"http://future-vision.asia/images/sofa/byOrder/sofa49.webp"
473;"SF66-6749";"Sofa";"By Order";"http://future-vision.asia/images/sofa/byOrder/sofa50.webp"
474;"SF66-6750";"Sofa";"By Order";"http://future-vision.asia/images/sofa/byOrder/sofa51.webp"
475;"SF66-6751";"Sofa";"By Order";"http://future-vision.asia/images/sofa/byOrder/sofa52.webp"
476;"SF66-6752";"Sofa";"By Order";"http://future-vision.asia/images/sofa/byOrder/sofa53.webp"
477;"SF66-6753";"Sofa";"By Order";"http://future-vision.asia/images/sofa/byOrder/sofa54.webp"
478;"SF66-6754";"Sofa";"By Order";"http://future-vision.asia/images/sofa/byOrder/sofa55.webp"
479;"SF66-6755";"Sofa";"By Order";"http://future-vision.asia/images/sofa/byOrder/sofa56.webp"
480;"SF66-6756";"Sofa";"By Order";"http://future-vision.asia/images/sofa/byOrder/sofa57.webp"
481;"SF66-6757";"Sofa";"By Order";"http://future-vision.asia/images/sofa/byOrder/sofa58.webp"
482;"SF66-6758";"Sofa";"By Order";"http://future-vision.asia/images/sofa/byOrder/sofa59.webp"
483;"SF66-6759";"Sofa";"By Order";"http://future-vision.asia/images/sofa/byOrder/sofa60.webp"
484;"SF66-6760";"Sofa";"By Order";"http://future-vision.asia/images/sofa/byOrder/sofa61.webp"
485;"SF66-6761";"Sofa";"By Order";"http://future-vision.asia/images/sofa/byOrder/sofa62.webp"
486;"SF66-6762";"Sofa";"By Order";"http://future-vision.asia/images/sofa/byOrder/sofa63.webp"
487;"SF66-6763";"Sofa";"By Order";"http://future-vision.asia/images/sofa/byOrder/sofa64.webp"
488;"SF66-6770";"Sofa";"Made in Saudi";"http://future-vision.asia/images/sofa/madeInSaudi/sofa01.webp"
489;"SF66-6771";"Sofa";"Made in Saudi";"http://future-vision.asia/images/sofa/madeInSaudi/sofa02.webp"
490;"SF66-6772";"Sofa";"Made in Saudi";"http://future-vision.asia/images/sofa/madeInSaudi/sofa03.webp"
491;"SF66-6773";"Sofa";"Made in Saudi";"http://future-vision.asia/images/sofa/madeInSaudi/sofa04.webp"
492;"SF66-6774";"Sofa";"Made in Saudi";"http://future-vision.asia/images/sofa/madeInSaudi/sofa05.webp"
493;"SF66-6775";"Sofa";"Made in Saudi";"http://future-vision.asia/images/sofa/madeInSaudi/sofa06.webp"
494;"SF66-6776";"Sofa";"Made in Saudi";"http://future-vision.asia/images/sofa/madeInSaudi/sofa07.webp"
495;"WS115-8180";"Workstation";"By Order";"http://future-vision.asia/images/workstation/byOrder/workstation01.webp"
496;"WS115-8181";"Workstation";"By Order";"http://future-vision.asia/images/workstation/byOrder/workstation02.webp"
497;"WS115-8182";"Workstation";"By Order";"http://future-vision.asia/images/workstation/byOrder/workstation03.webp"
498;"WS115-8183";"Workstation";"By Order";"http://future-vision.asia/images/workstation/byOrder/workstation04.webp"
499;"WS115-8184";"Workstation";"By Order";"http://future-vision.asia/images/workstation/byOrder/workstation05.webp"
500;"WS115-8185";"Workstation";"By Order";"http://future-vision.asia/images/workstation/byOrder/workstation06.webp"
501;"WS115-8186";"Workstation";"By Order";"http://future-vision.asia/images/workstation/byOrder/workstation07.webp"
502;"WS115-8187";"Workstation";"By Order";"http://future-vision.asia/images/workstation/byOrder/workstation08.webp"
503;"WS115-8188";"Workstation";"By Order";"http://future-vision.asia/images/workstation/byOrder/workstation09.webp"
504;"WS115-8189";"Workstation";"By Order";"http://future-vision.asia/images/workstation/byOrder/workstation10.webp"
505;"WS115-8190";"Workstation";"By Order";"http://future-vision.asia/images/workstation/byOrder/workstation11.webp"
506;"WS115-8191";"Workstation";"By Order";"http://future-vision.asia/images/workstation/byOrder/workstation12.webp"
507;"WS115-8192";"Workstation";"By Order";"http://future-vision.asia/images/workstation/byOrder/workstation13.webp"
508;"WS115-8193";"Workstation";"By Order";"http://future-vision.asia/images/workstation/byOrder/workstation14.webp"
509;"WS115-8194";"Workstation";"By Order";"http://future-vision.asia/images/workstation/byOrder/workstation15.webp"
510;"WS115-8195";"Workstation";"By Order";"http://future-vision.asia/images/workstation/byOrder/workstation16.webp"
511;"WS115-8196";"Workstation";"By Order";"http://future-vision.asia/images/workstation/byOrder/workstation17.webp"
512;"WS115-8197";"Workstation";"By Order";"http://future-vision.asia/images/workstation/byOrder/workstation18.webp"
513;"WS115-8198";"Workstation";"By Order";"http://future-vision.asia/images/workstation/byOrder/workstation19.webp"
514;"WS115-8199";"Workstation";"By Order";"http://future-vision.asia/images/workstation/byOrder/workstation20.webp"
515;"WS115-8110";"Workstation";"By Order";"http://future-vision.asia/images/workstation/byOrder/workstation21.webp"
516;"WS115-8111";"Workstation";"By Order";"http://future-vision.asia/images/workstation/byOrder/workstation22.webp"
517;"WS115-8112";"Workstation";"By Order";"http://future-vision.asia/images/workstation/byOrder/workstation23.webp"
518;"WS115-8113";"Workstation";"By Order";"http://future-vision.asia/images/workstation/byOrder/workstation24.webp"
519;"WS115-8114";"Workstation";"By Order";"http://future-vision.asia/images/workstation/byOrder/workstation25.webp"
520;"WS115-8115";"Workstation";"By Order";"http://future-vision.asia/images/workstation/byOrder/workstation26.webp"
521;"WS115-8116";"Workstation";"By Order";"http://future-vision.asia/images/workstation/byOrder/workstation27.webp"
522;"WS115-8117";"Workstation";"By Order";"http://future-vision.asia/images/workstation/byOrder/workstation28.webp"
523;"WS115-8118";"Workstation";"By Order";"http://future-vision.asia/images/workstation/byOrder/workstation29.webp"
524;"WS115-8119";"Workstation";"By Order";"http://future-vision.asia/images/workstation/byOrder/workstation30.webp"
525;"WS115-8120";"Workstation";"By Order";"http://future-vision.asia/images/workstation/byOrder/workstation31.webp"
526;"WS115-8121";"Workstation";"By Order";"http://future-vision.asia/images/workstation/byOrder/workstation32.webp"
527;"WS115-8122";"Workstation";"By Order";"http://future-vision.asia/images/workstation/byOrder/workstation33.webp"
528;"WS115-8123";"Workstation";"By Order";"http://future-vision.asia/images/workstation/byOrder/workstation34.webp"
529;"WS115-8124";"Workstation";"By Order";"http://future-vision.asia/images/workstation/byOrder/workstation35.webp"
530;"WS115-8125";"Workstation";"By Order";"http://future-vision.asia/images/workstation/byOrder/workstation36.webp"
531;"WS115-8126";"Workstation";"By Order";"http://future-vision.asia/images/workstation/byOrder/workstation37.webp"
532;"WS115-8127";"Workstation";"By Order";"http://future-vision.asia/images/workstation/byOrder/workstation38.webp"
533;"WS115-8128";"Workstation";"By Order";"http://future-vision.asia/images/workstation/byOrder/workstation39.webp"
534;"WS115-8129";"Workstation";"By Order";"http://future-vision.asia/images/workstation/byOrder/workstation40.webp"
535;"WS115-8130";"Workstation";"By Order";"http://future-vision.asia/images/workstation/byOrder/workstation41.webp"
536;"WS115-8131";"Workstation";"By Order";"http://future-vision.asia/images/workstation/byOrder/workstation42.webp"
537;"WS115-8132";"Workstation";"By Order";"http://future-vision.asia/images/workstation/byOrder/workstation43.webp"
538;"WS115-8133";"Workstation";"By Order";"http://future-vision.asia/images/workstation/byOrder/workstation44.webp"
539;"WS115-8150";"Workstation";"Made in Saudi";"http://future-vision.asia/images/workstation/madeInSaudi/workstation01.webp"
540;"WS115-8151";"Workstation";"Made in Saudi";"http://future-vision.asia/images/workstation/madeInSaudi/workstation02.webp"
541;"WS115-8152";"Workstation";"Made in Saudi";"http://future-vision.asia/images/workstation/madeInSaudi/workstation03.webp"
542;"WS115-8153";"Workstation";"Made in Saudi";"http://future-vision.asia/images/workstation/madeInSaudi/workstation04.webp"
543;"WS115-8154";"Workstation";"Made in Saudi";"http://future-vision.asia/images/workstation/madeInSaudi/workstation05.webp"
544;"WS115-8155";"Workstation";"Made in Saudi";"http://future-vision.asia/images/workstation/madeInSaudi/workstation06.webp"
545;"WS115-8156";"Workstation";"Made in Saudi";"http://future-vision.asia/images/workstation/madeInSaudi/workstation07.webp"
546;"WS115-8157";"Workstation";"Made in Saudi";"http://future-vision.asia/images/workstation/madeInSaudi/workstation08.webp"
547;"WS115-8158";"Workstation";"Made in Saudi";"http://future-vision.asia/images/workstation/madeInSaudi/workstation09.webp"
548;"WS115-8159";"Workstation";"Made in Saudi";"http://future-vision.asia/images/workstation/madeInSaudi/workstation10.webp"
549;"WS115-8160";"Workstation";"Made in Saudi";"http://future-vision.asia/images/workstation/madeInSaudi/workstation11.webp"
550;"WS115-8161";"Workstation";"Made in Saudi";"http://future-vision.asia/images/workstation/madeInSaudi/workstation12.webp"
551;"WS115-8162";"Workstation";"Made in Saudi";"http://future-vision.asia/images/workstation/madeInSaudi/workstation13.webp"
552;"WS115-8163";"Workstation";"Made in Saudi";"http://future-vision.asia/images/workstation/madeInSaudi/workstation14.webp"
553;"WS115-8164";"Workstation";"Made in Saudi";"http://future-vision.asia/images/workstation/madeInSaudi/workstation15.webp"
554;"WS115-8165";"Workstation";"Made in Saudi";"http://future-vision.asia/images/workstation/madeInSaudi/workstation16.webp"
555;"WS115-8166";"Workstation";"Made in Saudi";"http://future-vision.asia/images/workstation/madeInSaudi/workstation17.webp"
556;"WS115-8167";"Workstation";"Made in Saudi";"http://future-vision.asia/images/workstation/madeInSaudi/workstation18.webp"
604;"CT-1001";"Control Table";"By Order";"http://future-vision.asia/images/controlTable/byOrder/control_table1.webp"
605;"CT-1002";"Control Table";"By Order";"http://future-vision.asia/images/controlTable/byOrder/control_table2.webp"
606;"CT-1003";"Control Table";"By Order";"http://future-vision.asia/images/controlTable/byOrder/control_table3.webp"
607;"CT-1004";"Control Table";"By Order";"http://future-vision.asia/images/controlTable/byOrder/control_table4.webp"
608;"CT-1005";"Control Table";"By Order";"http://future-vision.asia/images/controlTable/byOrder/control_table5.webp"
609;"CT-1006";"Control Table";"By Order";"http://future-vision.asia/images/controlTable/byOrder/control_table6.webp"
610;"CT-1007";"Control Table";"By Order";"http://future-vision.asia/images/controlTable/byOrder/control_table7.webp"
611;"CT-1008";"Control Table";"By Order";"http://future-vision.asia/images/controlTable/byOrder/control_table8.webp"
612;"CT-1009";"Control Table";"By Order";"http://future-vision.asia/images/controlTable/byOrder/control_table9.webp"
