productName,category,filter,imageLink
WS-B1801,Cabinet ,By Order,http://future-vision.asia/images/cabinet/byOrder/cabinet01.webp
WS-B1802,Cabinet ,By Order,http://future-vision.asia/images/cabinet/byOrder/cabinet02.webp
WS-B1802,Cabinet ,By Order,http://future-vision.asia/images/cabinet/byOrder/cabinet03.webp
BC-A1901,Cabinet ,By Order,http://future-vision.asia/images/cabinet/byOrder/cabinet04.webp
BC-A1902,Cabinet ,By Order,http://future-vision.asia/images/cabinet/byOrder/cabinet05.webp
BC-A1903,Cabinet ,By Order,http://future-vision.asia/images/cabinet/byOrder/cabinet06.webp
BC-D1501,Cabinet ,By Order,http://future-vision.asia/images/cabinet/byOrder/cabinet07.webp
BC-D1502,Cabinet ,By Order,http://future-vision.asia/images/cabinet/byOrder/cabinet08.webp
BC-D15014,Cabinet ,By Order,http://future-vision.asia/images/cabinet/byOrder/cabinet09.webp
BS-D1508,Cabinet ,By Order,http://future-vision.asia/images/cabinet/byOrder/cabinet10.webp
BS-D1507,Cabinet ,By Order,http://future-vision.asia/images/cabinet/byOrder/cabinet11.webp
ST-D1503,Cabinet ,By Order,http://future-vision.asia/images/cabinet/byOrder/cabinet12.webp
ST-D1502,Cabinet ,By Order,http://future-vision.asia/images/cabinet/byOrder/cabinet13.webp
ST-D1501,Cabinet ,By Order,http://future-vision.asia/images/cabinet/byOrder/cabinet14.webp
BC-C1607,Cabinet ,By Order,http://future-vision.asia/images/cabinet/byOrder/cabinet15.webp
BC-C1606,Cabinet ,By Order,http://future-vision.asia/images/cabinet/byOrder/cabinet16.webp
BC-C1605,Cabinet ,By Order,http://future-vision.asia/images/cabinet/byOrder/cabinet17.webp
BC-C1608,Cabinet ,By Order,http://future-vision.asia/images/cabinet/byOrder/cabinet18.webp
BC-C1603,Cabinet ,By Order,http://future-vision.asia/images/cabinet/byOrder/cabinet19.webp
BC-C1604,Cabinet ,By Order,http://future-vision.asia/images/cabinet/byOrder/cabinet20.webp
BC-C1601,Cabinet ,By Order,http://future-vision.asia/images/cabinet/byOrder/cabinet21.webp
SH-C1603,Cabinet ,By Order,http://future-vision.asia/images/cabinet/byOrder/cabinet22.webp
SH-C1603,Cabinet ,By Order,http://future-vision.asia/images/cabinet/byOrder/cabinet23.webp
ST-C1612,Cabinet ,By Order,http://future-vision.asia/images/cabinet/byOrder/cabinet24.webp
ST-C1610,Cabinet ,By Order,http://future-vision.asia/images/cabinet/byOrder/cabinet25.webp
ST-C1611,Cabinet ,By Order,http://future-vision.asia/images/cabinet/byOrder/cabinet26.webp
ST-C1606,Cabinet ,By Order,http://future-vision.asia/images/cabinet/byOrder/cabinet27.webp
ST-C1603,Cabinet ,By Order,http://future-vision.asia/images/cabinet/byOrder/cabinet28.webp
ST-C1601,Cabinet ,By Order,http://future-vision.asia/images/cabinet/byOrder/cabinet29.webp
ST-C1607,Cabinet ,By Order,http://future-vision.asia/images/cabinet/byOrder/cabinet30.webp
91B-0235,Cabinet ,By Order,http://future-vision.asia/images/cabinet/byOrder/cabinet31.webp
91B-0327,Cabinet ,By Order,http://future-vision.asia/images/cabinet/byOrder/cabinet32.webp
91B-0112,Cabinet ,By Order,http://future-vision.asia/images/cabinet/byOrder/cabinet33.webp
91B-0108,Cabinet ,By Order,http://future-vision.asia/images/cabinet/byOrder/cabinet34.webp
91B-0109,Cabinet ,By Order,http://future-vision.asia/images/cabinet/byOrder/cabinet35.webp
21B-0328,Cabinet ,By Order,http://future-vision.asia/images/cabinet/byOrder/cabinet36.webp
21B-0231,Cabinet ,By Order,http://future-vision.asia/images/cabinet/byOrder/cabinet37.webp
21B-0336,Cabinet ,By Order,http://future-vision.asia/images/cabinet/byOrder/cabinet38.webp
21B-0108,Cabinet ,By Order,http://future-vision.asia/images/cabinet/byOrder/cabinet39.webp
3B-0101,Cabinet ,By Order,http://future-vision.asia/images/cabinet/byOrder/cabinet40.webp
3B-0102,Cabinet ,By Order,http://future-vision.asia/images/cabinet/byOrder/cabinet41.webp
3B-0103,Cabinet ,By Order,http://future-vision.asia/images/cabinet/byOrder/cabinet42.webp
21B-0109,Cabinet ,By Order,http://future-vision.asia/images/cabinet/byOrder/cabinet43.webp
21B-0110,Cabinet ,By Order,http://future-vision.asia/images/cabinet/byOrder/cabinet44.webp
29B0224,Cabinet ,By Order,http://future-vision.asia/images/cabinet/byOrder/cabinet45.webp
29B0112,Cabinet ,By Order,http://future-vision.asia/images/cabinet/byOrder/cabinet46.webp
29B0108,Cabinet ,By Order,http://future-vision.asia/images/cabinet/byOrder/cabinet47.webp
29B0113,Cabinet ,By Order,http://future-vision.asia/images/cabinet/byOrder/cabinet48.webp
39B-0228,Cabinet ,By Order,http://future-vision.asia/images/cabinet/byOrder/cabinet49.webp
39B-0214,Cabinet ,By Order,http://future-vision.asia/images/cabinet/byOrder/cabinet50.webp
39B-0120,Cabinet ,By Order,http://future-vision.asia/images/cabinet/byOrder/cabinet51.webp
61B-0231,Cabinet ,By Order,http://future-vision.asia/images/cabinet/byOrder/cabinet52.webp
61B-0108,Cabinet ,By Order,http://future-vision.asia/images/cabinet/byOrder/cabinet53.webp
51B-0231,Cabinet ,By Order,http://future-vision.asia/images/cabinet/byOrder/cabinet54.webp
51B-0112LR,Cabinet ,By Order,http://future-vision.asia/images/cabinet/byOrder/cabinet55.webp
51B-0113LR,Cabinet ,By Order,http://future-vision.asia/images/cabinet/byOrder/cabinet56.webp
51B-0108,Cabinet ,By Order,http://future-vision.asia/images/cabinet/byOrder/cabinet57.webp
51B-0312,Cabinet ,By Order,http://future-vision.asia/images/cabinet/byOrder/cabinet58.webp
51B-0324,Cabinet ,By Order,http://future-vision.asia/images/cabinet/byOrder/cabinet59.webp
71B-0122,Cabinet ,By Order,http://future-vision.asia/images/cabinet/byOrder/cabinet60.webp
71B-0112LR,Cabinet ,By Order,http://future-vision.asia/images/cabinet/byOrder/cabinet61.webp
71B-0108,Cabinet ,By Order,http://future-vision.asia/images/cabinet/byOrder/cabinet62.webp
71B-0508,Cabinet ,By Order,http://future-vision.asia/images/cabinet/byOrder/cabinet63.webp
71B-0512,Cabinet ,By Order,http://future-vision.asia/images/cabinet/byOrder/cabinet64.webp
51B-0325,Cabinet ,By Order,http://future-vision.asia/images/cabinet/byOrder/cabinet65.webp
51B-0326,Cabinet ,By Order,http://future-vision.asia/images/cabinet/byOrder/cabinet66.webp
CB01-1001,Cabinet ,Made in Saudi,http://future-vision.asia/images/cabinet/madeInSaudi/cabinet01.webp
CB02-1002,Cabinet ,Made in Saudi,http://future-vision.asia/images/cabinet/madeInSaudi/cabinet02.webp
CB03-1003,Cabinet ,Made in Saudi,http://future-vision.asia/images/cabinet/madeInSaudi/cabinet03.webp
CB04-1004,Cabinet ,Made in Saudi,http://future-vision.asia/images/cabinet/madeInSaudi/cabinet04.webp
CB05-1005,Cabinet ,Made in Saudi,http://future-vision.asia/images/cabinet/madeInSaudi/cabinet05.webp
CB06-1006,Cabinet ,Made in Saudi,http://future-vision.asia/images/cabinet/madeInSaudi/cabinet06.webp
CB07-1007,Cabinet ,Made in Saudi,http://future-vision.asia/images/cabinet/madeInSaudi/cabinet07.webp
CB08-1008,Cabinet ,Made in Saudi,http://future-vision.asia/images/cabinet/madeInSaudi/cabinet08.webp
CB09-1009,Cabinet ,Made in Saudi,http://future-vision.asia/images/cabinet/madeInSaudi/cabinet09.webp
CB10-1010,Cabinet ,Made in Saudi,http://future-vision.asia/images/cabinet/madeInSaudi/cabinet10.webp
CB11-1011,Cabinet ,Made in Saudi,http://future-vision.asia/images/cabinet/madeInSaudi/cabinet11.webp
CB13-1012,Cabinet ,Made in Saudi,http://future-vision.asia/images/cabinet/madeInSaudi/cabinet12.webp
CB13-1013,Cabinet ,Made in Saudi,http://future-vision.asia/images/cabinet/madeInSaudi/cabinet13.webp
CB14-1014,Cabinet ,Made in Saudi,http://future-vision.asia/images/cabinet/madeInSaudi/cabinet14.webp
CB15-1015,Cabinet ,Made in Saudi,http://future-vision.asia/images/cabinet/madeInSaudi/cabinet15.webp
CB16-1016,Cabinet ,Made in Saudi,http://future-vision.asia/images/cabinet/madeInSaudi/cabinet16.webp
CB17-1017,Cabinet ,Made in Saudi,http://future-vision.asia/images/cabinet/madeInSaudi/cabinet17.webp
CB18-1018,Cabinet ,Made in Saudi,http://future-vision.asia/images/cabinet/madeInSaudi/cabinet18.webp
CB19-1019,Cabinet ,Made in Saudi,http://future-vision.asia/images/cabinet/madeInSaudi/cabinet19.webp
CT-1001,Control Table,By Order,http://future-vision.asia/images/controlTable/byOrder/control_table1.webp
CT-1002,Control Table,By Order,http://future-vision.asia/images/controlTable/byOrder/control_table2.webp
CT-1003,Control Table,By Order,http://future-vision.asia/images/controlTable/byOrder/control_table3.webp
CT-1004,Control Table,By Order,http://future-vision.asia/images/controlTable/byOrder/control_table4.webp
CT-1005,Control Table,By Order,http://future-vision.asia/images/controlTable/byOrder/control_table5.webp
CT-1006,Control Table,By Order,http://future-vision.asia/images/controlTable/byOrder/control_table6.webp
CT-1007,Control Table,By Order,http://future-vision.asia/images/controlTable/byOrder/control_table7.webp
CT-1008,Control Table,By Order,http://future-vision.asia/images/controlTable/byOrder/control_table8.webp
CT-1009,Control Table,By Order,http://future-vision.asia/images/controlTable/byOrder/control_table9.webp
EO-1101,Employees Office,By Order,http://future-vision.asia/images/employeesOffice/byOrder/employees_office01.webp
EO-1102,Employees Office,By Order,http://future-vision.asia/images/employeesOffice/byOrder/employees_office02.webp
EO-1103,Employees Office,By Order,http://future-vision.asia/images/employeesOffice/byOrder/employees_office03.webp
EO-1104,Employees Office,By Order,http://future-vision.asia/images/employeesOffice/byOrder/employees_office04.webp
EO-1105,Employees Office,By Order,http://future-vision.asia/images/employeesOffice/byOrder/employees_office05.webp
EO-1106,Employees Office,By Order,http://future-vision.asia/images/employeesOffice/byOrder/employees_office06.webp
EO-1107,Employees Office,By Order,http://future-vision.asia/images/employeesOffice/byOrder/employees_office07.webp
EO-2101,Employees Office,Made in Saudi,http://future-vision.asia/images/employeesOffice/madeInSaudi/employees_office01.webp
EO-2102,Employees Office,Made in Saudi,http://future-vision.asia/images/employeesOffice/madeInSaudi/employees_office02.webp
EO-2103,Employees Office,Made in Saudi,http://future-vision.asia/images/employeesOffice/madeInSaudi/employees_office03.webp
EO-2104,Employees Office,Made in Saudi,http://future-vision.asia/images/employeesOffice/madeInSaudi/employees_office04.webp
EO-2105,Employees Office,Made in Saudi,http://future-vision.asia/images/employeesOffice/madeInSaudi/employees_office05.webp
EO-2106,Employees Office,Made in Saudi,http://future-vision.asia/images/employeesOffice/madeInSaudi/employees_office06.webp
EO-2107,Employees Office,Made in Saudi,http://future-vision.asia/images/employeesOffice/madeInSaudi/employees_office07.webp
EO-2108,Employees Office,Made in Saudi,http://future-vision.asia/images/employeesOffice/madeInSaudi/employees_office08.webp
EO-21019,Employees Office,Made in Saudi,http://future-vision.asia/images/employeesOffice/madeInSaudi/employees_office09.webp
EO-2110,Employees Office,Made in Saudi,http://future-vision.asia/images/employeesOffice/madeInSaudi/employees_office10.webp
EO-3801,Executive Office,By Order,http://future-vision.asia/images/executiveOffice/byOrder/executive_office01.webp
EO-3802,Executive Office,By Order,http://future-vision.asia/images/executiveOffice/byOrder/executive_office02.webp
EO-3803,Executive Office,By Order,http://future-vision.asia/images/executiveOffice/byOrder/executive_office03.webp
EO-3804,Executive Office,By Order,http://future-vision.asia/images/executiveOffice/byOrder/executive_office04.webp
EO-3805,Executive Office,By Order,http://future-vision.asia/images/executiveOffice/byOrder/executive_office05.webp
EO-3806,Executive Office,By Order,http://future-vision.asia/images/executiveOffice/byOrder/executive_office06.webp
EO-3807,Executive Office,By Order,http://future-vision.asia/images/executiveOffice/byOrder/executive_office07.webp
EO-3808,Executive Office,By Order,http://future-vision.asia/images/executiveOffice/byOrder/executive_office08.webp
EO-3809,Executive Office,By Order,http://future-vision.asia/images/executiveOffice/byOrder/executive_office09.webp
EO-3810,Executive Office,By Order,http://future-vision.asia/images/executiveOffice/byOrder/executive_office10.webp
EO-3811,Executive Office,By Order,http://future-vision.asia/images/executiveOffice/byOrder/executive_office11.webp
EO-3812,Executive Office,By Order,http://future-vision.asia/images/executiveOffice/byOrder/executive_office12.webp
EO-3813,Executive Office,By Order,http://future-vision.asia/images/executiveOffice/byOrder/executive_office13.webp
EO-3814,Executive Office,By Order,http://future-vision.asia/images/executiveOffice/byOrder/executive_office14.webp
EO-3815,Executive Office,By Order,http://future-vision.asia/images/executiveOffice/byOrder/executive_office15.webp
EO-3816,Executive Office,By Order,http://future-vision.asia/images/executiveOffice/byOrder/executive_office16.webp
EO-3817,Executive Office,By Order,http://future-vision.asia/images/executiveOffice/byOrder/executive_office17.webp
EO-3818,Executive Office,By Order,http://future-vision.asia/images/executiveOffice/byOrder/executive_office18.webp
EO-3819,Executive Office,By Order,http://future-vision.asia/images/executiveOffice/byOrder/executive_office19.webp
EO-3820,Executive Office,By Order,http://future-vision.asia/images/executiveOffice/byOrder/executive_office20.webp
EO-3821,Executive Office,By Order,http://future-vision.asia/images/executiveOffice/byOrder/executive_office21.webp
EO-3822,Executive Office,By Order,http://future-vision.asia/images/executiveOffice/byOrder/executive_office22.webp
EO-3823,Executive Office,By Order,http://future-vision.asia/images/executiveOffice/byOrder/executive_office23.webp
EO-3824,Executive Office,By Order,http://future-vision.asia/images/executiveOffice/byOrder/executive_office24.webp
EO-3825,Executive Office,By Order,http://future-vision.asia/images/executiveOffice/byOrder/executive_office25.webp
EO-3826,Executive Office,By Order,http://future-vision.asia/images/executiveOffice/byOrder/executive_office26.webp
EO-3827,Executive Office,By Order,http://future-vision.asia/images/executiveOffice/byOrder/executive_office27.webp
EO-3828,Executive Office,By Order,http://future-vision.asia/images/executiveOffice/byOrder/executive_office28.webp
EO-3829,Executive Office,By Order,http://future-vision.asia/images/executiveOffice/byOrder/executive_office29.webp
EO-3830,Executive Office,By Order,http://future-vision.asia/images/executiveOffice/byOrder/executive_office30.webp
EO-3831,Executive Office,By Order,http://future-vision.asia/images/executiveOffice/byOrder/executive_office31.webp
EO-3931,Executive Office,Made in Saudi,http://future-vision.asia/images/executiveOffice/madeInSaudi/executive_office01.webp
EO-3932,Executive Office,Made in Saudi,http://future-vision.asia/images/executiveOffice/madeInSaudi/executive_office02.webp
EO-3933,Executive Office,Made in Saudi,http://future-vision.asia/images/executiveOffice/madeInSaudi/executive_office03.webp
EO-3934,Executive Office,Made in Saudi,http://future-vision.asia/images/executiveOffice/madeInSaudi/executive_office04.webp
EO-3935,Executive Office,Made in Saudi,http://future-vision.asia/images/executiveOffice/madeInSaudi/executive_office05.webp
LC-1251,Leather Chairs,By Order,http://future-vision.asia/images/leatherChairs/byOrder/leather_chairs01.webp
LC-1252,Leather Chairs,By Order,http://future-vision.asia/images/leatherChairs/byOrder/leather_chairs02.webp
LC-1253,Leather Chairs,By Order,http://future-vision.asia/images/leatherChairs/byOrder/leather_chairs03.webp
LC-1254,Leather Chairs,By Order,http://future-vision.asia/images/leatherChairs/byOrder/leather_chairs04.webp
LC-1255,Leather Chairs,By Order,http://future-vision.asia/images/leatherChairs/byOrder/leather_chairs05.webp
LC-1256,Leather Chairs,By Order,http://future-vision.asia/images/leatherChairs/byOrder/leather_chairs06.webp
LC-1257,Leather Chairs,By Order,http://future-vision.asia/images/leatherChairs/byOrder/leather_chairs07.webp
LC-1258,Leather Chairs,By Order,http://future-vision.asia/images/leatherChairs/byOrder/leather_chairs08.webp
LC-1259,Leather Chairs,By Order,http://future-vision.asia/images/leatherChairs/byOrder/leather_chairs09.webp
LC-1260,Leather Chairs,By Order,http://future-vision.asia/images/leatherChairs/byOrder/leather_chairs10.webp
LC-1261,Leather Chairs,By Order,http://future-vision.asia/images/leatherChairs/byOrder/leather_chairs11.webp
LC-1262,Leather Chairs,By Order,http://future-vision.asia/images/leatherChairs/byOrder/leather_chairs12.webp
LC-1263,Leather Chairs,By Order,http://future-vision.asia/images/leatherChairs/byOrder/leather_chairs13.webp
LC-12645,Leather Chairs,By Order,http://future-vision.asia/images/leatherChairs/byOrder/leather_chairs14.webp
LC-1266,Leather Chairs,By Order,http://future-vision.asia/images/leatherChairs/byOrder/leather_chairs15.webp
LC-1267,Leather Chairs,By Order,http://future-vision.asia/images/leatherChairs/byOrder/leather_chairs16.webp
LC-1268,Leather Chairs,By Order,http://future-vision.asia/images/leatherChairs/byOrder/leather_chairs17.webp
LC-1269,Leather Chairs,By Order,http://future-vision.asia/images/leatherChairs/byOrder/leather_chairs18.webp
LC-1270,Leather Chairs,By Order,http://future-vision.asia/images/leatherChairs/byOrder/leather_chairs19.webp
LC-1270,Leather Chairs,By Order,http://future-vision.asia/images/leatherChairs/byOrder/leather_chairs20.webp
LC12-1380,Leather Chairs,Made in Saudi,http://future-vision.asia/images/leatherChairs/madeInSaudi/leather_chairs01.webp
LC12-1381,Leather Chairs,Made in Saudi,http://future-vision.asia/images/leatherChairs/madeInSaudi/leather_chairs02.webp
LC12-1382,Leather Chairs,Made in Saudi,http://future-vision.asia/images/leatherChairs/madeInSaudi/leather_chairs03.webp
LC12-1383,Leather Chairs,Made in Saudi,http://future-vision.asia/images/leatherChairs/madeInSaudi/leather_chairs04.webp
LC12-1384,Leather Chairs,Made in Saudi,http://future-vision.asia/images/leatherChairs/madeInSaudi/leather_chairs05.webp
LC12-1385,Leather Chairs,Made in Saudi,http://future-vision.asia/images/leatherChairs/madeInSaudi/leather_chairs06.webp
MT15-1501,Meeting Table,By Order,http://future-vision.asia/images/meetingTable/byOrder/meeting_table01.webp
MT15-1502,Meeting Table,By Order,http://future-vision.asia/images/meetingTable/byOrder/meeting_table02.webpp
MT15-1503,Meeting Table,By Order,http://future-vision.asia/images/meetingTable/byOrder/meeting_table03.webp
MT15-1504,Meeting Table,By Order,http://future-vision.asia/images/meetingTable/byOrder/meeting_table04.webp
MT15-1505,Meeting Table,By Order,http://future-vision.asia/images/meetingTable/byOrder/meeting_table05.webp
MT15-1506,Meeting Table,By Order,http://future-vision.asia/images/meetingTable/byOrder/meeting_table06.webp
MT15-1507,Meeting Table,By Order,http://future-vision.asia/images/meetingTable/byOrder/meeting_table07.webp
MT15-1508,Meeting Table,By Order,http://future-vision.asia/images/meetingTable/byOrder/meeting_table08.webp
MT15-1509,Meeting Table,By Order,http://future-vision.asia/images/meetingTable/byOrder/meeting_table09.webp
MT15-1510,Meeting Table,By Order,http://future-vision.asia/images/meetingTable/byOrder/meeting_table10.webp
MT15-1511,Meeting Table,By Order,http://future-vision.asia/images/meetingTable/byOrder/meeting_table11.webp
MT15-1512,Meeting Table,By Order,http://future-vision.asia/images/meetingTable/byOrder/meeting_table12.webp
MT15-1513,Meeting Table,By Order,http://future-vision.asia/images/meetingTable/byOrder/meeting_table13.webp
MT15-1514,Meeting Table,By Order,http://future-vision.asia/images/meetingTable/byOrder/meeting_table14.webpp
MT15-1515,Meeting Table,By Order,http://future-vision.asia/images/meetingTable/byOrder/meeting_table15.webp
MT15-1516,Meeting Table,By Order,http://future-vision.asia/images/meetingTable/byOrder/meeting_table16.webp
MT15-1517,Meeting Table,By Order,http://future-vision.asia/images/meetingTable/byOrder/meeting_table17.webp
MT15-1518,Meeting Table,By Order,http://future-vision.asia/images/meetingTable/byOrder/meeting_table18.webp
MT15-1519,Meeting Table,By Order,http://future-vision.asia/images/meetingTable/byOrder/meeting_table19.webpp
MT15-1520,Meeting Table,By Order,http://future-vision.asia/images/meetingTable/byOrder/meeting_table20.webpp
MT15-1521,Meeting Table,By Order,http://future-vision.asia/images/meetingTable/byOrder/meeting_table21.webp
MT15-1522,Meeting Table,By Order,http://future-vision.asia/images/meetingTable/byOrder/meeting_table22.webpp
MT15-1523,Meeting Table,By Order,http://future-vision.asia/images/meetingTable/byOrder/meeting_table23.webp
MT15-1524,Meeting Table,By Order,http://future-vision.asia/images/meetingTable/byOrder/meeting_table24.webpp
MT15-1525,Meeting Table,By Order,http://future-vision.asia/images/meetingTable/byOrder/meeting_table25.webpp
MT15-1526,Meeting Table,By Order,http://future-vision.asia/images/meetingTable/byOrder/meeting_table26.webp
MT15-1527,Meeting Table,By Order,http://future-vision.asia/images/meetingTable/byOrder/meeting_table27.webp
MT15-1528,Meeting Table,By Order,http://future-vision.asia/images/meetingTable/byOrder/meeting_table28.webpp
MT15-1529,Meeting Table,By Order,http://future-vision.asia/images/meetingTable/byOrder/meeting_table29.webpp
MT15-1530,Meeting Table,By Order,http://future-vision.asia/images/meetingTable/byOrder/meeting_table30.webp
MT15-1531,Meeting Table,By Order,http://future-vision.asia/images/meetingTable/byOrder/meeting_table31.webpp
MT15-1532,Meeting Table,By Order,http://future-vision.asia/images/meetingTable/byOrder/meeting_table32.webp
MT15-1533,Meeting Table,By Order,http://future-vision.asia/images/meetingTable/byOrder/meeting_table33.webp
MT15-1534,Meeting Table,By Order,http://future-vision.asia/images/meetingTable/byOrder/meeting_table34.webpp
MT15-1535,Meeting Table,By Order,http://future-vision.asia/images/meetingTable/byOrder/meeting_table35.webpp
MT16-1560,Meeting Table,Made in Saudi,http://future-vision.asia/images/meetingTable/madeInSaudi/meeting_table01.webp
MT16-1561,Meeting Table,Made in Saudi,http://future-vision.asia/images/meetingTable/madeInSaudi/meeting_table02.webp
MT16-1562,Meeting Table,Made in Saudi,http://future-vision.asia/images/meetingTable/madeInSaudi/meeting_table03.webp
MT16-1563,Meeting Table,Made in Saudi,http://future-vision.asia/images/meetingTable/madeInSaudi/meeting_table04.webp
MT16-1564,Meeting Table,Made in Saudi,http://future-vision.asia/images/meetingTable/madeInSaudi/meeting_table05.webp
MT16-1565,Meeting Table,Made in Saudi,http://future-vision.asia/images/meetingTable/madeInSaudi/meeting_table06.webp
MT16-1566,Meeting Table,Made in Saudi,http://future-vision.asia/images/meetingTable/madeInSaudi/meeting_table07.webp
MT16-1567,Meeting Table,Made in Saudi,http://future-vision.asia/images/meetingTable/madeInSaudi/meeting_table08.webp
MT16-1568,Meeting Table,Made in Saudi,http://future-vision.asia/images/meetingTable/madeInSaudi/meeting_table09.webp
MT16-1569,Meeting Table,Made in Saudi,http://future-vision.asia/images/meetingTable/madeInSaudi/meeting_table10.webp
MT16-1570,Meeting Table,Made in Saudi,http://future-vision.asia/images/meetingTable/madeInSaudi/meeting_table11.webp
MO40-6100,Manager Office,By Order,http://future-vision.asia/images/managerOffice/byOrder/manager_office01.webp
MO40-6101,Manager Office,By Order,http://future-vision.asia/images/managerOffice/byOrder/manager_office02.webp
MO40-6102,Manager Office,By Order,http://future-vision.asia/images/managerOffice/byOrder/manager_office03.webp
MO40-6103,Manager Office,By Order,http://future-vision.asia/images/managerOffice/byOrder/manager_office04.webp
MO40-6104,Manager Office,By Order,http://future-vision.asia/images/managerOffice/byOrder/manager_office05.webp
MO40-6105,Manager Office,By Order,http://future-vision.asia/images/managerOffice/byOrder/manager_office06.webp
MO40-6106,Manager Office,By Order,http://future-vision.asia/images/managerOffice/byOrder/manager_office07.webp
MO40-6107,Manager Office,By Order,http://future-vision.asia/images/managerOffice/byOrder/manager_office08.webp
MO40-6108,Manager Office,By Order,http://future-vision.asia/images/managerOffice/byOrder/manager_office09.webp
MO40-6109,Manager Office,By Order,http://future-vision.asia/images/managerOffice/byOrder/manager_office10.webp
MO40-6110,Manager Office,By Order,http://future-vision.asia/images/managerOffice/byOrder/manager_office11.webp
MO40-6111,Manager Office,By Order,http://future-vision.asia/images/managerOffice/byOrder/manager_office12.webp
MO40-6112,Manager Office,By Order,http://future-vision.asia/images/managerOffice/byOrder/manager_office13.webp
MO40-6113,Manager Office,By Order,http://future-vision.asia/images/managerOffice/byOrder/manager_office14.webp
MO40-6114,Manager Office,By Order,http://future-vision.asia/images/managerOffice/byOrder/manager_office15.webp
MO40-6115,Manager Office,By Order,http://future-vision.asia/images/managerOffice/byOrder/manager_office16.webp
MO40-6116,Manager Office,By Order,http://future-vision.asia/images/managerOffice/byOrder/manager_office17.webp
MO40-6117,Manager Office,By Order,http://future-vision.asia/images/managerOffice/byOrder/manager_office18.webp
MO40-6118,Manager Office,By Order,http://future-vision.asia/images/managerOffice/byOrder/manager_office19.webp
MO40-6119,Manager Office,By Order,http://future-vision.asia/images/managerOffice/byOrder/manager_office20.webp
MO40-6120,Manager Office,By Order,http://future-vision.asia/images/managerOffice/byOrder/manager_office21.webp
MO40-6121,Manager Office,By Order,http://future-vision.asia/images/managerOffice/byOrder/manager_office22.webp
MO40-6122,Manager Office,By Order,http://future-vision.asia/images/managerOffice/byOrder/manager_office23.webp
MO40-6123,Manager Office,By Order,http://future-vision.asia/images/managerOffice/byOrder/manager_office24.webp
MO40-6124,Manager Office,By Order,http://future-vision.asia/images/managerOffice/byOrder/manager_office25.webp
MO40-6125,Manager Office,By Order,http://future-vision.asia/images/managerOffice/byOrder/manager_office26.webp
MO40-6126,Manager Office,By Order,http://future-vision.asia/images/managerOffice/byOrder/manager_office27.webp
MO40-6127,Manager Office,By Order,http://future-vision.asia/images/managerOffice/byOrder/manager_office28.webp
MO40-6128,Manager Office,By Order,http://future-vision.asia/images/managerOffice/byOrder/manager_office29.webp
MO40-6129,Manager Office,By Order,http://future-vision.asia/images/managerOffice/byOrder/manager_office30.webp
MO40-6130,Manager Office,By Order,http://future-vision.asia/images/managerOffice/byOrder/manager_office31.webp
MO40-6131,Manager Office,By Order,http://future-vision.asia/images/managerOffice/byOrder/manager_office32.webp
MO40-6132,Manager Office,By Order,http://future-vision.asia/images/managerOffice/byOrder/manager_office33.webp
MO40-6133,Manager Office,By Order,http://future-vision.asia/images/managerOffice/byOrder/manager_office34.webp
MO40-6134,Manager Office,By Order,http://future-vision.asia/images/managerOffice/byOrder/manager_office35.webp
MO40-6135,Manager Office,By Order,http://future-vision.asia/images/managerOffice/byOrder/manager_office36.webp
MO40-6136,Manager Office,By Order,http://future-vision.asia/images/managerOffice/byOrder/manager_office37.webp
MO40-6137,Manager Office,By Order,http://future-vision.asia/images/managerOffice/byOrder/manager_office38.webp
MO40-6138,Manager Office,By Order,http://future-vision.asia/images/managerOffice/byOrder/manager_office39.webp
MO40-6139,Manager Office,By Order,http://future-vision.asia/images/managerOffice/byOrder/manager_office40.webp
MO40-6140,Manager Office,By Order,http://future-vision.asia/images/managerOffice/byOrder/manager_office41.webp
MO40-6141,Manager Office,By Order,http://future-vision.asia/images/managerOffice/byOrder/manager_office42.webp
MO40-6142,Manager Office,By Order,http://future-vision.asia/images/managerOffice/byOrder/manager_office43.webp
MO40-6143,Manager Office,By Order,http://future-vision.asia/images/managerOffice/byOrder/manager_office44.webp
MO60-1810,Manager Office,Made in Saudi,http://future-vision.asia/images/managerOffice/madeInSaudi/manager_office01.webp
MO60-1811,Manager Office,Made in Saudi,http://future-vision.asia/images/managerOffice/madeInSaudi/manager_office02.webp
MO60-1812,Manager Office,Made in Saudi,http://future-vision.asia/images/managerOffice/madeInSaudi/manager_office03.webp
MO60-1813,Manager Office,Made in Saudi,http://future-vision.asia/images/managerOffice/madeInSaudi/manager_office04.webp
MO60-1814,Manager Office,Made in Saudi,http://future-vision.asia/images/managerOffice/madeInSaudi/manager_office05.webp
MO60-1815,Manager Office,Made in Saudi,http://future-vision.asia/images/managerOffice/madeInSaudi/manager_office06.webp
MO60-1816,Manager Office,Made in Saudi,http://future-vision.asia/images/managerOffice/madeInSaudi/manager_office07.webp
MO60-1817,Manager Office,Made in Saudi,http://future-vision.asia/images/managerOffice/madeInSaudi/manager_office08.webp
MO60-1818,Manager Office,Made in Saudi,http://future-vision.asia/images/managerOffice/madeInSaudi/manager_office09.webp
MO60-1819,Manager Office,Made in Saudi,http://future-vision.asia/images/managerOffice/madeInSaudi/manager_office10.webp
MO60-1820,Manager Office,Made in Saudi,http://future-vision.asia/images/managerOffice/madeInSaudi/manager_office11.webp
MO60-1821,Manager Office,Made in Saudi,http://future-vision.asia/images/managerOffice/madeInSaudi/manager_office12.webp
MO60-1822,Manager Office,Made in Saudi,http://future-vision.asia/images/managerOffice/madeInSaudi/manager_office13.webp
MO60-1823,Manager Office,Made in Saudi,http://future-vision.asia/images/managerOffice/madeInSaudi/manager_office14.webp
MC10-2460,Mesh Chair,By Order,http://future-vision.asia/images/meshChair/byOrder/mesh_chair01.webp
MC10-2461,Mesh Chair,By Order,http://future-vision.asia/images/meshChair/byOrder/mesh_chair02.webp
MC10-2462,Mesh Chair,By Order,http://future-vision.asia/images/meshChair/byOrder/mesh_chair03.webp
MC10-2463,Mesh Chair,By Order,http://future-vision.asia/images/meshChair/byOrder/mesh_chair04.webp
MC10-2464,Mesh Chair,By Order,http://future-vision.asia/images/meshChair/byOrder/mesh_chair05.webp
MC10-2465,Mesh Chair,By Order,http://future-vision.asia/images/meshChair/byOrder/mesh_chair06.webp
MC10-2466,Mesh Chair,By Order,http://future-vision.asia/images/meshChair/byOrder/mesh_chair07.webp
MC10-2467,Mesh Chair,By Order,http://future-vision.asia/images/meshChair/byOrder/mesh_chair08.webp
MC10-2468,Mesh Chair,By Order,http://future-vision.asia/images/meshChair/byOrder/mesh_chair09.webp
MC10-2469,Mesh Chair,By Order,http://future-vision.asia/images/meshChair/byOrder/mesh_chair10.webp
MC10-2470,Mesh Chair,By Order,http://future-vision.asia/images/meshChair/byOrder/mesh_chair11.webp
MC10-2471,Mesh Chair,By Order,http://future-vision.asia/images/meshChair/byOrder/mesh_chair12.webp
MC10-2472,Mesh Chair,By Order,http://future-vision.asia/images/meshChair/byOrder/mesh_chair13.webp
MC10-2473,Mesh Chair,By Order,http://future-vision.asia/images/meshChair/byOrder/mesh_chair14.webp
MC10-2474,Mesh Chair,By Order,http://future-vision.asia/images/meshChair/byOrder/mesh_chair15.webp
MC10-2475,Mesh Chair,By Order,http://future-vision.asia/images/meshChair/byOrder/mesh_chair16.webp
MC10-2476,Mesh Chair,By Order,http://future-vision.asia/images/meshChair/byOrder/mesh_chair17.webp
MC10-2477,Mesh Chair,By Order,http://future-vision.asia/images/meshChair/byOrder/mesh_chair18.webp
MC10-2478,Mesh Chair,By Order,http://future-vision.asia/images/meshChair/byOrder/mesh_chair19.webp
MC10-2479,Mesh Chair,By Order,http://future-vision.asia/images/meshChair/byOrder/mesh_chair20.webp
MC10-2480,Mesh Chair,By Order,http://future-vision.asia/images/meshChair/byOrder/mesh_chair21.webp
MC10-2481,Mesh Chair,By Order,http://future-vision.asia/images/meshChair/byOrder/mesh_chair22.webp
MC10-2482,Mesh Chair,By Order,http://future-vision.asia/images/meshChair/byOrder/mesh_chair23.webp
MC10-2483,Mesh Chair,By Order,http://future-vision.asia/images/meshChair/byOrder/mesh_chair24.webp
MC10-2484,Mesh Chair,By Order,http://future-vision.asia/images/meshChair/byOrder/mesh_chair25.webp
MC10-2485,Mesh Chair,By Order,http://future-vision.asia/images/meshChair/byOrder/mesh_chair26.webp
MC10-2486,Mesh Chair,By Order,http://future-vision.asia/images/meshChair/byOrder/mesh_chair27.webp
MC10-2487,Mesh Chair,By Order,http://future-vision.asia/images/meshChair/byOrder/mesh_chair28.webp
MC10-2488,Mesh Chair,By Order,http://future-vision.asia/images/meshChair/byOrder/mesh_chair29.webp
MC10-2489,Mesh Chair,By Order,http://future-vision.asia/images/meshChair/byOrder/mesh_chair30.webp
MC20-2450,Mesh Chair,Made in Saudi,http://future-vision.asia/images/meshChair/madeInSaudi/mesh_chair01.webp
MC20-2451,Mesh Chair,Made in Saudi,http://future-vision.asia/images/meshChair/madeInSaudi/mesh_chair02.webp
MC20-2452,Mesh Chair,Made in Saudi,http://future-vision.asia/images/meshChair/madeInSaudi/mesh_chair03.webp
MC20-2453,Mesh Chair,Made in Saudi,http://future-vision.asia/images/meshChair/madeInSaudi/mesh_chair04.webp
R239-4570,Reception,By Order,http://future-vision.asia/images/reception/byOrder/reception01.webp
R239-4571,Reception,By Order,http://future-vision.asia/images/reception/byOrder/reception02.webp
R239-4572,Reception,By Order,http://future-vision.asia/images/reception/byOrder/reception03.webp
R239-4573,Reception,By Order,http://future-vision.asia/images/reception/byOrder/reception04.webp
R239-4574,Reception,By Order,http://future-vision.asia/images/reception/byOrder/reception05.webp
R239-4575,Reception,By Order,http://future-vision.asia/images/reception/byOrder/reception06.webp
R239-4576,Reception,By Order,http://future-vision.asia/images/reception/byOrder/reception07.webp
R239-4577,Reception,By Order,http://future-vision.asia/images/reception/byOrder/reception08.webp
R239-4578,Reception,By Order,http://future-vision.asia/images/reception/byOrder/reception09.webp
R239-4579,Reception,By Order,http://future-vision.asia/images/reception/byOrder/reception10.webp
R239-4580,Reception,By Order,http://future-vision.asia/images/reception/byOrder/reception11.webp
R239-4581,Reception,By Order,http://future-vision.asia/images/reception/byOrder/reception12.webp
R239-4581,Reception,By Order,http://future-vision.asia/images/reception/byOrder/reception13.webp
R239-4582,Reception,By Order,http://future-vision.asia/images/reception/byOrder/reception14.webp
R239-4583,Reception,By Order,http://future-vision.asia/images/reception/byOrder/reception15.webp
R260-4590,Reception,Made in Saudi,http://future-vision.asia/images/reception/madeInSaudi/reception01.webp
R260-4591,Reception,Made in Saudi,http://future-vision.asia/images/reception/madeInSaudi/reception02.webp
R260-4592,Reception,Made in Saudi,http://future-vision.asia/images/reception/madeInSaudi/reception03.webp
R260-4593,Reception,Made in Saudi,http://future-vision.asia/images/reception/madeInSaudi/reception04.webp
R260-4594,Reception,Made in Saudi,http://future-vision.asia/images/reception/madeInSaudi/reception05.webp
R260-4595,Reception,Made in Saudi,http://future-vision.asia/images/reception/madeInSaudi/reception06.webp
SF66-6700,Sofa,By Order,http://future-vision.asia/images/sofa/byOrder/sofa01.webp
SF66-6701,Sofa,By Order,http://future-vision.asia/images/sofa/byOrder/sofa02.webp
SF66-6702,Sofa,By Order,http://future-vision.asia/images/sofa/byOrder/sofa03.webp
SF66-6703,Sofa,By Order,http://future-vision.asia/images/sofa/byOrder/sofa04.webp
SF66-6704,Sofa,By Order,http://future-vision.asia/images/sofa/byOrder/sofa05.webp
SF66-6705,Sofa,By Order,http://future-vision.asia/images/sofa/byOrder/sofa06.webp
SF66-6706,Sofa,By Order,http://future-vision.asia/images/sofa/byOrder/sofa07.webp
SF66-6707,Sofa,By Order,http://future-vision.asia/images/sofa/byOrder/sofa08.webp
SF66-6708,Sofa,By Order,http://future-vision.asia/images/sofa/byOrder/sofa09.webp
SF66-6709,Sofa,By Order,http://future-vision.asia/images/sofa/byOrder/sofa10.webp
SF66-6710,Sofa,By Order,http://future-vision.asia/images/sofa/byOrder/sofa11.webp
SF66-6711,Sofa,By Order,http://future-vision.asia/images/sofa/byOrder/sofa12.webp
SF66-6712,Sofa,By Order,http://future-vision.asia/images/sofa/byOrder/sofa13.webp
SF66-6713,Sofa,By Order,http://future-vision.asia/images/sofa/byOrder/sofa14.webp
SF66-6714,Sofa,By Order,http://future-vision.asia/images/sofa/byOrder/sofa15.webp
SF66-6715,Sofa,By Order,http://future-vision.asia/images/sofa/byOrder/sofa16.webp
SF66-6716,Sofa,By Order,http://future-vision.asia/images/sofa/byOrder/sofa17.webp
SF66-6717,Sofa,By Order,http://future-vision.asia/images/sofa/byOrder/sofa18.webp
SF66-6718,Sofa,By Order,http://future-vision.asia/images/sofa/byOrder/sofa19.webp
SF66-6719,Sofa,By Order,http://future-vision.asia/images/sofa/byOrder/sofa20.webp
SF66-6720,Sofa,By Order,http://future-vision.asia/images/sofa/byOrder/sofa21.webp
SF66-6721,Sofa,By Order,http://future-vision.asia/images/sofa/byOrder/sofa22.webp
SF66-6722,Sofa,By Order,http://future-vision.asia/images/sofa/byOrder/sofa23.webp
SF66-6723,Sofa,By Order,http://future-vision.asia/images/sofa/byOrder/sofa24.webp
SF66-6724,Sofa,By Order,http://future-vision.asia/images/sofa/byOrder/sofa25.webp
SF66-6725,Sofa,By Order,http://future-vision.asia/images/sofa/byOrder/sofa26.webp
SF66-6726,Sofa,By Order,http://future-vision.asia/images/sofa/byOrder/sofa27.webp
SF66-6727,Sofa,By Order,http://future-vision.asia/images/sofa/byOrder/sofa28.webp
SF66-6728,Sofa,By Order,http://future-vision.asia/images/sofa/byOrder/sofa29.webp
SF66-6729,Sofa,By Order,http://future-vision.asia/images/sofa/byOrder/sofa30.webp
SF66-6730,Sofa,By Order,http://future-vision.asia/images/sofa/byOrder/sofa31.webp
SF66-6731,Sofa,By Order,http://future-vision.asia/images/sofa/byOrder/sofa32.webp
SF66-6732,Sofa,By Order,http://future-vision.asia/images/sofa/byOrder/sofa33.webp
SF66-6733,Sofa,By Order,http://future-vision.asia/images/sofa/byOrder/sofa34.webp
SF66-6734,Sofa,By Order,http://future-vision.asia/images/sofa/byOrder/sofa35.webp
SF66-6735,Sofa,By Order,http://future-vision.asia/images/sofa/byOrder/sofa36.webp
SF66-6736,Sofa,By Order,http://future-vision.asia/images/sofa/byOrder/sofa37.webp
SF66-6737,Sofa,By Order,http://future-vision.asia/images/sofa/byOrder/sofa38.webp
SF66-6738,Sofa,By Order,http://future-vision.asia/images/sofa/byOrder/sofa39.webp
SF66-6739,Sofa,By Order,http://future-vision.asia/images/sofa/byOrder/sofa40.webp
SF66-6740,Sofa,By Order,http://future-vision.asia/images/sofa/byOrder/sofa41.webp
SF66-6741,Sofa,By Order,http://future-vision.asia/images/sofa/byOrder/sofa42.webp
SF66-6742,Sofa,By Order,http://future-vision.asia/images/sofa/byOrder/sofa43.webp
SF66-6743,Sofa,By Order,http://future-vision.asia/images/sofa/byOrder/sofa44.webp
SF66-6744,Sofa,By Order,http://future-vision.asia/images/sofa/byOrder/sofa45.webp
SF66-6745,Sofa,By Order,http://future-vision.asia/images/sofa/byOrder/sofa46.webp
SF66-6746,Sofa,By Order,http://future-vision.asia/images/sofa/byOrder/sofa47.webp
SF66-6747,Sofa,By Order,http://future-vision.asia/images/sofa/byOrder/sofa48.webp
SF66-6748,Sofa,By Order,http://future-vision.asia/images/sofa/byOrder/sofa49.webp
SF66-6749,Sofa,By Order,http://future-vision.asia/images/sofa/byOrder/sofa50.webp
SF66-6750,Sofa,By Order,http://future-vision.asia/images/sofa/byOrder/sofa51.webp
SF66-6751,Sofa,By Order,http://future-vision.asia/images/sofa/byOrder/sofa52.webp
SF66-6752,Sofa,By Order,http://future-vision.asia/images/sofa/byOrder/sofa53.webp
SF66-6753,Sofa,By Order,http://future-vision.asia/images/sofa/byOrder/sofa54.webp
SF66-6754,Sofa,By Order,http://future-vision.asia/images/sofa/byOrder/sofa55.webp
SF66-6755,Sofa,By Order,http://future-vision.asia/images/sofa/byOrder/sofa56.webp
SF66-6756,Sofa,By Order,http://future-vision.asia/images/sofa/byOrder/sofa57.webp
SF66-6757,Sofa,By Order,http://future-vision.asia/images/sofa/byOrder/sofa58.webp
SF66-6758,Sofa,By Order,http://future-vision.asia/images/sofa/byOrder/sofa59.webp
SF66-6759,Sofa,By Order,http://future-vision.asia/images/sofa/byOrder/sofa60.webp
SF66-6760,Sofa,By Order,http://future-vision.asia/images/sofa/byOrder/sofa61.webp
SF66-6761,Sofa,By Order,http://future-vision.asia/images/sofa/byOrder/sofa62.webp
SF66-6762,Sofa,By Order,http://future-vision.asia/images/sofa/byOrder/sofa63.webp
SF66-6763,Sofa,By Order,http://future-vision.asia/images/sofa/byOrder/sofa64.webp
SF66-6770,Sofa,Made in Saudi,http://future-vision.asia/images/sofa/madeInSaudi/sofa01.webp
SF66-6771,Sofa,Made in Saudi,http://future-vision.asia/images/sofa/madeInSaudi/sofa02.webp
SF66-6772,Sofa,Made in Saudi,http://future-vision.asia/images/sofa/madeInSaudi/sofa03.webp
SF66-6773,Sofa,Made in Saudi,http://future-vision.asia/images/sofa/madeInSaudi/sofa04.webp
SF66-6774,Sofa,Made in Saudi,http://future-vision.asia/images/sofa/madeInSaudi/sofa05.webp
SF66-6775,Sofa,Made in Saudi,http://future-vision.asia/images/sofa/madeInSaudi/sofa06.webp
SF66-6776,Sofa,Made in Saudi,http://future-vision.asia/images/sofa/madeInSaudi/sofa07.webp
WS115-8180,Workstation,By Order,http://future-vision.asia/images/workstation/byOrder/workstation01.webp
WS115-8181,Workstation,By Order,http://future-vision.asia/images/workstation/byOrder/workstation02.webp
WS115-8182,Workstation,By Order,http://future-vision.asia/images/workstation/byOrder/workstation03.webp
WS115-8183,Workstation,By Order,http://future-vision.asia/images/workstation/byOrder/workstation04.webp
WS115-8184,Workstation,By Order,http://future-vision.asia/images/workstation/byOrder/workstation05.webp
WS115-8185,Workstation,By Order,http://future-vision.asia/images/workstation/byOrder/workstation06.webp
WS115-8186,Workstation,By Order,http://future-vision.asia/images/workstation/byOrder/workstation07.webp
WS115-8187,Workstation,By Order,http://future-vision.asia/images/workstation/byOrder/workstation08.webp
WS115-8188,Workstation,By Order,http://future-vision.asia/images/workstation/byOrder/workstation09.webp
WS115-8189,Workstation,By Order,http://future-vision.asia/images/workstation/byOrder/workstation10.webp
WS115-8190,Workstation,By Order,http://future-vision.asia/images/workstation/byOrder/workstation11.webp
WS115-8191,Workstation,By Order,http://future-vision.asia/images/workstation/byOrder/workstation12.webp
WS115-8192,Workstation,By Order,http://future-vision.asia/images/workstation/byOrder/workstation13.webp
WS115-8193,Workstation,By Order,http://future-vision.asia/images/workstation/byOrder/workstation14.webp
WS115-8194,Workstation,By Order,http://future-vision.asia/images/workstation/byOrder/workstation15.webp
WS115-8195,Workstation,By Order,http://future-vision.asia/images/workstation/byOrder/workstation16.webp
WS115-8196,Workstation,By Order,http://future-vision.asia/images/workstation/byOrder/workstation17.webp
WS115-8197,Workstation,By Order,http://future-vision.asia/images/workstation/byOrder/workstation18.webp
WS115-8198,Workstation,By Order,http://future-vision.asia/images/workstation/byOrder/workstation19.webp
WS115-8199,Workstation,By Order,http://future-vision.asia/images/workstation/byOrder/workstation20.webp
WS115-8110,Workstation,By Order,http://future-vision.asia/images/workstation/byOrder/workstation21.webp
WS115-8111,Workstation,By Order,http://future-vision.asia/images/workstation/byOrder/workstation22.webp
WS115-8112,Workstation,By Order,http://future-vision.asia/images/workstation/byOrder/workstation23.webp
WS115-8113,Workstation,By Order,http://future-vision.asia/images/workstation/byOrder/workstation24.webp
WS115-8114,Workstation,By Order,http://future-vision.asia/images/workstation/byOrder/workstation25.webp
WS115-8115,Workstation,By Order,http://future-vision.asia/images/workstation/byOrder/workstation26.webp
WS115-8116,Workstation,By Order,http://future-vision.asia/images/workstation/byOrder/workstation27.webp
WS115-8117,Workstation,By Order,http://future-vision.asia/images/workstation/byOrder/workstation28.webp
WS115-8118,Workstation,By Order,http://future-vision.asia/images/workstation/byOrder/workstation29.webp
WS115-8119,Workstation,By Order,http://future-vision.asia/images/workstation/byOrder/workstation30.webp
WS115-8120,Workstation,By Order,http://future-vision.asia/images/workstation/byOrder/workstation31.webp
WS115-8121,Workstation,By Order,http://future-vision.asia/images/workstation/byOrder/workstation32.webp
WS115-8122,Workstation,By Order,http://future-vision.asia/images/workstation/byOrder/workstation33.webp
WS115-8123,Workstation,By Order,http://future-vision.asia/images/workstation/byOrder/workstation34.webp
WS115-8124,Workstation,By Order,http://future-vision.asia/images/workstation/byOrder/workstation35.webp
WS115-8125,Workstation,By Order,http://future-vision.asia/images/workstation/byOrder/workstation36.webp
WS115-8126,Workstation,By Order,http://future-vision.asia/images/workstation/byOrder/workstation37.webp
WS115-8127,Workstation,By Order,http://future-vision.asia/images/workstation/byOrder/workstation38.webp
WS115-8128,Workstation,By Order,http://future-vision.asia/images/workstation/byOrder/workstation39.webp
WS115-8129,Workstation,By Order,http://future-vision.asia/images/workstation/byOrder/workstation40.webp
WS115-8130,Workstation,By Order,http://future-vision.asia/images/workstation/byOrder/workstation41.webp
WS115-8131,Workstation,By Order,http://future-vision.asia/images/workstation/byOrder/workstation42.webp
WS115-8132,Workstation,By Order,http://future-vision.asia/images/workstation/byOrder/workstation43.webp
WS115-8133,Workstation,By Order,http://future-vision.asia/images/workstation/byOrder/workstation44.webp
WS115-8150,Workstation,Made in Saudi,http://future-vision.asia/images/workstation/madeInSaudi/workstation01.webp
WS115-8151,Workstation,Made in Saudi,http://future-vision.asia/images/workstation/madeInSaudi/workstation02.webp
WS115-8152,Workstation,Made in Saudi,http://future-vision.asia/images/workstation/madeInSaudi/workstation03.webp
WS115-8153,Workstation,Made in Saudi,http://future-vision.asia/images/workstation/madeInSaudi/workstation04.webp
WS115-8154,Workstation,Made in Saudi,http://future-vision.asia/images/workstation/madeInSaudi/workstation05.webp
WS115-8155,Workstation,Made in Saudi,http://future-vision.asia/images/workstation/madeInSaudi/workstation06.webp
WS115-8156,Workstation,Made in Saudi,http://future-vision.asia/images/workstation/madeInSaudi/workstation07.webp
WS115-8157,Workstation,Made in Saudi,http://future-vision.asia/images/workstation/madeInSaudi/workstation08.webp
WS115-8158,Workstation,Made in Saudi,http://future-vision.asia/images/workstation/madeInSaudi/workstation09.webp
WS115-8159,Workstation,Made in Saudi,http://future-vision.asia/images/workstation/madeInSaudi/workstation10.webp
WS115-8160,Workstation,Made in Saudi,http://future-vision.asia/images/workstation/madeInSaudi/workstation11.webp
WS115-8161,Workstation,Made in Saudi,http://future-vision.asia/images/workstation/madeInSaudi/workstation12.webp
WS115-8162,Workstation,Made in Saudi,http://future-vision.asia/images/workstation/madeInSaudi/workstation13.webp
WS115-8163,Workstation,Made in Saudi,http://future-vision.asia/images/workstation/madeInSaudi/workstation14.webp
WS115-8164,Workstation,Made in Saudi,http://future-vision.asia/images/workstation/madeInSaudi/workstation15.webp
WS115-8165,Workstation,Made in Saudi,http://future-vision.asia/images/workstation/madeInSaudi/workstation16.webp
WS115-8166,Workstation,Made in Saudi,http://future-vision.asia/images/workstation/madeInSaudi/workstation17.webp
WS115-8167,Workstation,Made in Saudi,http://future-vision.asia/images/workstation/madeInSaudi/workstation18.webp
